"__glayCluster","name","selected","shared name"
"330","FOXF1","false","FOXF1"
"330","FENDRR","false","FENDRR"
"129","MTND5P10","false","MTND5P10"
"129","RP11-790J24.2","false","RP11-790J24.2"
"129","LINC00700","false","LINC00700"
"129","RP11-238K6.1","false","RP11-238K6.1"
"129","CTA-992D9.8","false","CTA-992D9.8"
"129","CTAGE1","false","CTAGE1"
"129","CCDC11P1","false","CCDC11P1"
"129","NEFMP1","false","NEFMP1"
"129","RP11-691G17.1","false","RP11-691G17.1"
"129","MTND5P7","false","MTND5P7"
"129","RP5-921G16.1","false","RP5-921G16.1"
"129","RP11-897M7.2","false","RP11-897M7.2"
"129","MTND5P27","false","MTND5P27"
"129","AC079248.1","false","AC079248.1"
"129","MTND5P23","false","MTND5P23"
"129","CYLC2","false","CYLC2"
"129","LINC01206","false","LINC01206"
"129","RP11-1217F2.9","false","RP11-1217F2.9"
"129","RP11-5A1.1","false","RP11-5A1.1"
"129","AC011518.1","false","AC011518.1"
"129","KCNG4","false","KCNG4"
"129","CTA-212A2.3","false","CTA-212A2.3"
"252","RP11-578F21.4","false","RP11-578F21.4"
"129","KLK3","false","KLK3"
"129","RP11-491F9.3","false","RP11-491F9.3"
"129","RP11-753A21.2","false","RP11-753A21.2"
"129","KNCN","false","KNCN"
"129","MTND2P9","false","MTND2P9"
"129","AC073869.8","false","AC073869.8"
"129","RP11-846F4.6","false","RP11-846F4.6"
"129","BOD1L2","false","BOD1L2"
"129","MTND5P29","false","MTND5P29"
"129","USP29","false","USP29"
"129","RP11-113I24.1","false","RP11-113I24.1"
"129","AL022344.5","false","AL022344.5"
"129","AC007682.1","false","AC007682.1"
"129","RP11-334E15.1","false","RP11-334E15.1"
"129","RP11-753D20.4","false","RP11-753D20.4"
"129","MTND4P27","false","MTND4P27"
"129","TNP2","false","TNP2"
"129","FOXR2","false","FOXR2"
"129","RP11-666G4.1","false","RP11-666G4.1"
"129","MUC7","false","MUC7"
"129","OR1I1","false","OR1I1"
"129","GFY","false","GFY"
"129","TCP10","false","TCP10"
"129","ZNF806","false","ZNF806"
"129","HNRNPA1P54","false","HNRNPA1P54"
"129","SPATA31B1P","false","SPATA31B1P"
"129","RP3-333B15.4","false","RP3-333B15.4"
"129","OR2H1","false","OR2H1"
"129","OR1S2","false","OR1S2"
"129","SMIM21","false","SMIM21"
"129","AC068137.5","false","AC068137.5"
"129","CACNG3","false","CACNG3"
"129","PRNT","false","PRNT"
"129","LL22NC03-27C5.1","false","LL22NC03-27C5.1"
"129","RP11-67H2.1","false","RP11-67H2.1"
"129","REG1P","false","REG1P"
"129","MAN1A2P1","false","MAN1A2P1"
"129","RP11-760D2.11","false","RP11-760D2.11"
"129","RP11-624J12.1","false","RP11-624J12.1"
"129","RP11-626I20.3","false","RP11-626I20.3"
"129","MUC17","false","MUC17"
"129","RP4-668E10.4","false","RP4-668E10.4"
"129","GS1-519E5.1","false","GS1-519E5.1"
"129","MTND5P30","false","MTND5P30"
"129","LINC01007","false","LINC01007"
"129","MTND2P6","false","MTND2P6"
"129","GAD2","false","GAD2"
"129","HHLA1","false","HHLA1"
"129","CTD-2207A17.1","false","CTD-2207A17.1"
"129","KLK15","false","KLK15"
"129","MTND4P4","false","MTND4P4"
"129","RP11-101E19.4","false","RP11-101E19.4"
"129","CTA-342B11.3","false","CTA-342B11.3"
"129","RP11-340L3.1","false","RP11-340L3.1"
"129","MTND5P17","false","MTND5P17"
"129","RP11-45K10.2","false","RP11-45K10.2"
"129","MYADML","false","MYADML"
"129","KLK2","false","KLK2"
"129","RNASE9","false","RNASE9"
"129","AC006548.28","false","AC006548.28"
"129","RP11-81M19.1","false","RP11-81M19.1"
"129","RP11-1217F2.13","false","RP11-1217F2.13"
"129","MTND1P15","false","MTND1P15"
"129","NEFHP1","false","NEFHP1"
"129","CTD-2320B12.1","false","CTD-2320B12.1"
"129","MTND5P13","false","MTND5P13"
"129","RP11-87G24.2","false","RP11-87G24.2"
"129","AC105342.1","false","AC105342.1"
"129","LINC00841","false","LINC00841"
"129","CTC-281M20.1","false","CTC-281M20.1"
"129","MTND5P3","false","MTND5P3"
"129","MTND5P6","false","MTND5P6"
"129","RP11-861E23.2","false","RP11-861E23.2"
"129","RP4-815D20.1","false","RP4-815D20.1"
"129","RP11-475D12.2","false","RP11-475D12.2"
"129","RP11-677O4.2","false","RP11-677O4.2"
"129","RP11-566K19.12","false","RP11-566K19.12"
"129","RP11-159D12.10","false","RP11-159D12.10"
"129","RP11-989E6.8","false","RP11-989E6.8"
"129","RP11-846F4.1","false","RP11-846F4.1"
"129","ZIM3","false","ZIM3"
"129","DNAJB8","false","DNAJB8"
"129","MTND4P5","false","MTND4P5"
"129","RP5-865N13.1","false","RP5-865N13.1"
"129","RP11-474J18.1","false","RP11-474J18.1"
"129","HOTTIP","false","HOTTIP"
"129","RP11-846F4.5","false","RP11-846F4.5"
"129","RP11-593P24.2","false","RP11-593P24.2"
"129","LINC00608","false","LINC00608"
"129","RP11-299H22.1","false","RP11-299H22.1"
"129","EIF4BP4","false","EIF4BP4"
"129","RP11-417J1.3","false","RP11-417J1.3"
"129","MTND5P19","false","MTND5P19"
"129","RP11-144L1.4","false","RP11-144L1.4"
"129","RP11-475J5.6","false","RP11-475J5.6"
"129","MTND2P22","false","MTND2P22"
"129","RP11-46E17.8","false","RP11-46E17.8"
"129","THRAP3P1","false","THRAP3P1"
"129","RP11-434D2.3","false","RP11-434D2.3"
"129","RP11-461F11.2","false","RP11-461F11.2"
"129","OTX2-AS1","false","OTX2-AS1"
"129","TECRL","false","TECRL"
"129","AC114776.3","false","AC114776.3"
"129","RP11-613G13.1","false","RP11-613G13.1"
"129","RP11-2A4.4","false","RP11-2A4.4"
"129","OR10R3P","false","OR10R3P"
"129","LINC01109","false","LINC01109"
"129","RP11-193H5.5","false","RP11-193H5.5"
"129","GABRR3","false","GABRR3"
"129","AC073065.3","false","AC073065.3"
"129","KB-1568E2.1","false","KB-1568E2.1"
"129","FLJ33581","false","FLJ33581"
"129","RP11-566K19.7","false","RP11-566K19.7"
"129","MTND2P20","false","MTND2P20"
"129","REXO1L1P","false","REXO1L1P"
"129","PABPC1P6","false","PABPC1P6"
"129","RP5-991O23.1","false","RP5-991O23.1"
"129","CTD-2313J23.1","false","CTD-2313J23.1"
"129","RP11-63H19.2","false","RP11-63H19.2"
"129","MTND5P9","false","MTND5P9"
"129","CPLX4","false","CPLX4"
"129","OPALIN","false","OPALIN"
"129","GOLGA6L22","false","GOLGA6L22"
"129","MTND4P10","false","MTND4P10"
"129","MUC12","false","MUC12"
"129","MTND2P7","false","MTND2P7"
"129","RP11-113E21.2","false","RP11-113E21.2"
"129","CTB-43I4.1","false","CTB-43I4.1"
"129","LINC00343","false","LINC00343"
"124","NPAP1P6","false","NPAP1P6"
"129","RP5-998H6.2","false","RP5-998H6.2"
"129","LL22NC03-22D1.1","false","LL22NC03-22D1.1"
"129","ANKRD30BP2","false","ANKRD30BP2"
"129","CTA-929C8.9","false","CTA-929C8.9"
"129","RP3-416J7.5","false","RP3-416J7.5"
"129","RP11-430C1.1","false","RP11-430C1.1"
"129","GPR123-AS1","false","GPR123-AS1"
"129","RP1-101G11.3","false","RP1-101G11.3"
"129","SPATA31D1","false","SPATA31D1"
"129","GOLGA6L2","false","GOLGA6L2"
"129","RP11-627H22.5","false","RP11-627H22.5"
"129","HSP90AB7P","false","HSP90AB7P"
"129","HPVC1","false","HPVC1"
"129","GOLGA6L6","false","GOLGA6L6"
"129","RP11-139I14.2","false","RP11-139I14.2"
"129","C1orf68","false","C1orf68"
"129","SPATA31E1","false","SPATA31E1"
"129","SLC4A1APP2","false","SLC4A1APP2"
"329","RP5-857K21.6","false","RP5-857K21.6"
"329","RP11-750B16.1","false","RP11-750B16.1"
"129","LARP1BP1","false","LARP1BP1"
"129","LINC01247","false","LINC01247"
"26","GJD2","false","GJD2"
"129","RTP1","false","RTP1"
"26","RP11-688I9.5","false","RP11-688I9.5"
"234","RP11-387A1.6","false","RP11-387A1.6"
"129","CHIA","false","CHIA"
"293","AC012593.1","false","AC012593.1"
"79","AC008103.4","false","AC008103.4"
"129","RP11-70F11.8","false","RP11-70F11.8"
"129","OR6P1","false","OR6P1"
"129","MTND2P33","false","MTND2P33"
"244","GAGE1","false","GAGE1"
"129","MTND5P8","false","MTND5P8"
"129","LA16c-60D12.2","false","LA16c-60D12.2"
"282","RP11-3N2.5","false","RP11-3N2.5"
"129","SPATA31A7","false","SPATA31A7"
"129","CLLU1","false","CLLU1"
"26","PRKRIRP8","false","PRKRIRP8"
"129","HTN1","false","HTN1"
"129","LINC00559","false","LINC00559"
"129","TMEM239","false","TMEM239"
"129","RP11-646E18.4","false","RP11-646E18.4"
"129","RP11-326K13.3","false","RP11-326K13.3"
"129","RP11-756P10.2","false","RP11-756P10.2"
"129","RP11-474D1.3","false","RP11-474D1.3"
"129","OR2L3","false","OR2L3"
"129","RP11-78H18.2","false","RP11-78H18.2"
"129","NLRP9","false","NLRP9"
"129","MTND1P2","false","MTND1P2"
"120","ETV3L","false","ETV3L"
"129","CRX","false","CRX"
"129","RP11-189E14.4","false","RP11-189E14.4"
"129","SLC10A2","false","SLC10A2"
"129","HNRNPA1P38","false","HNRNPA1P38"
"129","LINC00837","false","LINC00837"
"129","LINC00703","false","LINC00703"
"129","RP11-544P1.3","false","RP11-544P1.3"
"129","MTND1P28","false","MTND1P28"
"129","AC068279.3","false","AC068279.3"
"129","CDH9","false","CDH9"
"129","NOL8P1","false","NOL8P1"
"129","AC008132.15","false","AC008132.15"
"129","OR11A1","false","OR11A1"
"129","RP11-113D6.10","false","RP11-113D6.10"
"129","AC005235.1","false","AC005235.1"
"129","CTD-3145H4.1","false","CTD-3145H4.1"
"129","MTND4P8","false","MTND4P8"
"129","LINC01460","false","LINC01460"
"129","RGPD4-AS1","false","RGPD4-AS1"
"129","RP11-966I7.2","false","RP11-966I7.2"
"129","LINC00836","false","LINC00836"
"129","MIR7515HG","false","MIR7515HG"
"129","C1orf141","false","C1orf141"
"129","MAPK6PS2","false","MAPK6PS2"
"129","RP11-597A11.4","false","RP11-597A11.4"
"26","CTD-3046C4.1","false","CTD-3046C4.1"
"129","BPESC1","false","BPESC1"
"129","RP11-267C16.1","false","RP11-267C16.1"
"129","TMPRSS11BNL","false","TMPRSS11BNL"
"129","RP11-91I20.3","false","RP11-91I20.3"
"129","LINC00838","false","LINC00838"
"129","TMCC1P1","false","TMCC1P1"
"129","MTND1P7","false","MTND1P7"
"129","CTD-2144E22.9","false","CTD-2144E22.9"
"129","TPD52L3","false","TPD52L3"
"26","RP11-577N1.2","false","RP11-577N1.2"
"299","SLC39A12-AS1","false","SLC39A12-AS1"
"26","NEUROD6","false","NEUROD6"
"129","C10orf53","false","C10orf53"
"129","NEUROD1","false","NEUROD1"
"129","SPATA31D2P","false","SPATA31D2P"
"129","KIF2B","false","KIF2B"
"129","RP11-344P13.3","false","RP11-344P13.3"
"129","MIR124-2HG","false","MIR124-2HG"
"129","RP11-989E6.10","false","RP11-989E6.10"
"129","SPATA31D5P","false","SPATA31D5P"
"129","RP11-25D10.2","false","RP11-25D10.2"
"129","RP11-946L20.1","false","RP11-946L20.1"
"129","LINC01299","false","LINC01299"
"129","PPP1R3A","false","PPP1R3A"
"129","RP11-1217F2.7","false","RP11-1217F2.7"
"8","SNORA57","false","SNORA57"
"8","SNORA43","false","SNORA43"
"8","SNORA46","false","SNORA46"
"8","SNORA45A","false","SNORA45A"
"8","SNORA38B","false","SNORA38B"
"8","SNORA31","false","SNORA31"
"8","SNORA18","false","SNORA18"
"8","SNORA7B","false","SNORA7B"
"8","SNORD10","false","SNORD10"
"8","SNORA71B","false","SNORA71B"
"8","SNORA76A","false","SNORA76A"
"8","SNORD3C","false","SNORD3C"
"8","SNORA52","false","SNORA52"
"8","SNORD3A","false","SNORD3A"
"8","SNORA6","false","SNORA6"
"8","SNORA64","false","SNORA64"
"8","SNORD22","false","SNORD22"
"8","SNORA26","false","SNORA26"
"8","SNORA21","false","SNORA21"
"8","SNORA68","false","SNORA68"
"8","SNORA71D","false","SNORA71D"
"8","SNORA16A","false","SNORA16A"
"8","SNORA7A","false","SNORA7A"
"8","SNORD15A","false","SNORD15A"
"8","SNORA48","false","SNORA48"
"8","SNORA10","false","SNORA10"
"8","SNORA24","false","SNORA24"
"8","SNORD94","false","SNORD94"
"8","SNORA9","false","SNORA9"
"8","SNORA74","false","SNORA74"
"8","SNORA27","false","SNORA27"
"8","SNORA38","false","SNORA38"
"129","RP5-856G1.2","false","RP5-856G1.2"
"129","KB-1592A4.14","false","KB-1592A4.14"
"26","GABRA4","false","GABRA4"
"129","LRRC74B","false","LRRC74B"
"273","RP11-327I22.5","false","RP11-327I22.5"
"129","ACTR3BP2","false","ACTR3BP2"
"129","AC011525.2","false","AC011525.2"
"209","LINC01378","false","LINC01378"
"129","RP11-383M4.6","false","RP11-383M4.6"
"26","MMD2","false","MMD2"
"26","C1orf87","false","C1orf87"
"129","RP11-744K17.1","false","RP11-744K17.1"
"129","RP11-263G22.1","false","RP11-263G22.1"
"129","CTA-929C8.6","false","CTA-929C8.6"
"222","AP003025.2","false","AP003025.2"
"26","SLC17A6","false","SLC17A6"
"26","JAZF1-AS1","false","JAZF1-AS1"
"129","CNPY1","false","CNPY1"
"129","AC007326.10","false","AC007326.10"
"26","CTC-304I17.1","false","CTC-304I17.1"
"129","C2orf78","false","C2orf78"
"129","RP11-544D21.2","false","RP11-544D21.2"
"129","HTR5A-AS1","false","HTR5A-AS1"
"129","RP11-513O17.3","false","RP11-513O17.3"
"129","MOBP","false","MOBP"
"26","RP11-113E21.3","false","RP11-113E21.3"
"129","PABPC1P13","false","PABPC1P13"
"129","AP000235.2","false","AP000235.2"
"158","ANKRD66","false","ANKRD66"
"26","C11orf87","false","C11orf87"
"129","RP11-491F9.2","false","RP11-491F9.2"
"299","RP11-300A12.2","false","RP11-300A12.2"
"129","AC004112.7","false","AC004112.7"
"129","OR10K1","false","OR10K1"
"129","RP11-36D19.9","false","RP11-36D19.9"
"129","MUC22","false","MUC22"
"129","MAS1","false","MAS1"
"129","MAPK6PS4","false","MAPK6PS4"
"160","RP11-717H13.1","false","RP11-717H13.1"
"234","RP11-560A7.1","false","RP11-560A7.1"
"129","PROL1","false","PROL1"
"129","AP005901.1","false","AP005901.1"
"129","RP1-274L7.4","false","RP1-274L7.4"
"26","CTAGE14P","false","CTAGE14P"
"129","XIRP2","false","XIRP2"
"129","AC073869.7","false","AC073869.7"
"129","RP11-233E12.2","false","RP11-233E12.2"
"129","RP11-1437A8.4","false","RP11-1437A8.4"
"129","RP11-538C21.2","false","RP11-538C21.2"
"129","TRIM64B","false","TRIM64B"
"129","GABRA6","false","GABRA6"
"129","C2orf91","false","C2orf91"
"129","MTND5P18","false","MTND5P18"
"54","AC079466.1","false","AC079466.1"
"129","BPIFA3","false","BPIFA3"
"129","MTND2P8","false","MTND2P8"
"129","LINC00906","false","LINC00906"
"129","RP11-300M24.1","false","RP11-300M24.1"
"129","ANKRD20A19P","false","ANKRD20A19P"
"129","RP1-153P14.7","false","RP1-153P14.7"
"129","POTEH-AS1","false","POTEH-AS1"
"129","OR2L6P","false","OR2L6P"
"129","RP11-301G19.1","false","RP11-301G19.1"
"129","KPRP","false","KPRP"
"26","RP11-805I24.3","false","RP11-805I24.3"
"129","TINAG","false","TINAG"
"26","ERICH3-AS1","false","ERICH3-AS1"
"129","AC009234.1","false","AC009234.1"
"129","C10orf71","false","C10orf71"
"129","RP11-488I20.9","false","RP11-488I20.9"
"129","RP11-306B9.1","false","RP11-306B9.1"
"129","RP3-412A9.17","false","RP3-412A9.17"
"48","OR8G5","false","OR8G5"
"48","TCHHL1","false","TCHHL1"
"129","RP11-1070N10.5","false","RP11-1070N10.5"
"172","CTD-2314G24.2","false","CTD-2314G24.2"
"52","RP11-744K17.2","false","RP11-744K17.2"
"129","RP4-671O14.7","false","RP4-671O14.7"
"48","LINC00442","false","LINC00442"
"48","RP3-407E4.3","false","RP3-407E4.3"
"129","RP11-397A16.3","false","RP11-397A16.3"
"129","LA16c-60D12.1","false","LA16c-60D12.1"
"129","RP11-91I8.2","false","RP11-91I8.2"
"48","XAGE1B","false","XAGE1B"
"193","AC098973.1","false","AC098973.1"
"26","SBF1P1","false","SBF1P1"
"26","POU3F4","false","POU3F4"
"26","PABPC1L2A","false","PABPC1L2A"
"26","RPH3A","false","RPH3A"
"26","CTD-2001J20.1","false","CTD-2001J20.1"
"26","NEFM","false","NEFM"
"129","LINC00550","false","LINC00550"
"26","GABRA1","false","GABRA1"
"26","HTR5A","false","HTR5A"
"26","GRID2","false","GRID2"
"26","LINC00320","false","LINC00320"
"26","LINC00901","false","LINC00901"
"129","PHOX2B","false","PHOX2B"
"26","RP11-595O22.1","false","RP11-595O22.1"
"26","UNC5D","false","UNC5D"
"129","RP11-16E18.1","false","RP11-16E18.1"
"26","DPP6","false","DPP6"
"129","KB-1410C5.2","false","KB-1410C5.2"
"26","GABRG2","false","GABRG2"
"26","TMEM196","false","TMEM196"
"129","AC104623.1","false","AC104623.1"
"26","PPP1R17","false","PPP1R17"
"26","RP11-438B23.2","false","RP11-438B23.2"
"26","CLVS2","false","CLVS2"
"26","CTC-525D6.3","false","CTC-525D6.3"
"26","AC078842.4","false","AC078842.4"
"26","PCDH15","false","PCDH15"
"26","SLC6A5","false","SLC6A5"
"26","RP11-490G2.2","false","RP11-490G2.2"
"26","HNRNPA1P42","false","HNRNPA1P42"
"26","SYT14","false","SYT14"
"26","LINC01102","false","LINC01102"
"26","RP11-531A24.3","false","RP11-531A24.3"
"26","RP11-390M11.1","false","RP11-390M11.1"
"26","RP11-509P12.1","false","RP11-509P12.1"
"26","OR2C3","false","OR2C3"
"26","RP3-326L13.2","false","RP3-326L13.2"
"26","RP11-71N10.1","false","RP11-71N10.1"
"26","LHFPL3","false","LHFPL3"
"26","TMEM212","false","TMEM212"
"26","LINC01159","false","LINC01159"
"26","UNC13C","false","UNC13C"
"26","C6orf10","false","C6orf10"
"26","RALYL","false","RALYL"
"129","RP1-217P22.2","false","RP1-217P22.2"
"290","SSX2B","false","SSX2B"
"129","MTND2P18","false","MTND2P18"
"129","LINC00971","false","LINC00971"
"223","CSN3","false","CSN3"
"129","RP11-278H7.5","false","RP11-278H7.5"
"129","AC112198.1","false","AC112198.1"
"129","GOLGA8CP","false","GOLGA8CP"
"129","RP11-138B9.1","false","RP11-138B9.1"
"129","CTD-2516K3.3","false","CTD-2516K3.3"
"227","LINC00967","false","LINC00967"
"129","RP11-526D8.7","false","RP11-526D8.7"
"129","RP11-112N13.1","false","RP11-112N13.1"
"129","RP11-1086I4.2","false","RP11-1086I4.2"
"129","RP11-108B14.5","false","RP11-108B14.5"
"129","AC079776.3","false","AC079776.3"
"129","SPATA31A1","false","SPATA31A1"
"129","C11orf44","false","C11orf44"
"134","IARS2P1","false","IARS2P1"
"129","RP1-140J1.1","false","RP1-140J1.1"
"129","RP11-448K10.1","false","RP11-448K10.1"
"282","MTND2P4","false","MTND2P4"
"129","RP3-449H6.2","false","RP3-449H6.2"
"26","LINC00977","false","LINC00977"
"129","ADAM30","false","ADAM30"
"129","C1orf140","false","C1orf140"
"129","RP11-475J5.5","false","RP11-475J5.5"
"129","ATP1B4","false","ATP1B4"
"129","C19orf84","false","C19orf84"
"129","CYLC1","false","CYLC1"
"208","LINC01516","false","LINC01516"
"129","CTD-2351A16.1","false","CTD-2351A16.1"
"129","FGF4","false","FGF4"
"129","RP11-280G9.1","false","RP11-280G9.1"
"129","RP5-905H7.11","false","RP5-905H7.11"
"129","FLJ45079","false","FLJ45079"
"129","MTATP6P4","false","MTATP6P4"
"129","OPN5","false","OPN5"
"129","KIR3DX1","false","KIR3DX1"
"228","HNRNPA3P13","false","HNRNPA3P13"
"129","RP11-143A12.3","false","RP11-143A12.3"
"211","RP11-391J13.1","false","RP11-391J13.1"
"129","FER1L6-AS1","false","FER1L6-AS1"
"129","CTC-448F2.7","false","CTC-448F2.7"
"253","RP11-309H21.3","false","RP11-309H21.3"
"236","VRTN","false","VRTN"
"129","RP11-15B24.5","false","RP11-15B24.5"
"129","CTD-2309H9.2","false","CTD-2309H9.2"
"129","ERVMER61-1","false","ERVMER61-1"
"129","LINC01360","false","LINC01360"
"129","RP11-56L13.1","false","RP11-56L13.1"
"129","RP4-760C5.5","false","RP4-760C5.5"
"129","PASD1","false","PASD1"
"129","ANHX","false","ANHX"
"129","RP11-517M22.1","false","RP11-517M22.1"
"129","FAM230C","false","FAM230C"
"129","TISP43","false","TISP43"
"129","KIR2DL3","false","KIR2DL3"
"129","KLKP1","false","KLKP1"
"246","ARHGAP42P4","false","ARHGAP42P4"
"129","HNRNPA3P16","false","HNRNPA3P16"
"129","LINC00682","false","LINC00682"
"273","MC2R","false","MC2R"
"120","LINC01153","false","LINC01153"
"129","MTND5P24","false","MTND5P24"
"129","DDX10P2","false","DDX10P2"
"129","LINC01452","false","LINC01452"
"129","AC009299.4","false","AC009299.4"
"129","PRR27","false","PRR27"
"209","SNX18P9","false","SNX18P9"
"209","ANKRD20A4","false","ANKRD20A4"
"209","FAM95B1","false","FAM95B1"
"54","FAM99A","false","FAM99A"
"54","SLC2A2","false","SLC2A2"
"54","CPN1","false","CPN1"
"54","A1CF","false","A1CF"
"54","UGT2A3","false","UGT2A3"
"54","CPN2","false","CPN2"
"54","ASGR2","false","ASGR2"
"54","ALDOB","false","ALDOB"
"54","UGT1A9","false","UGT1A9"
"54","HNF4A","false","HNF4A"
"54","APCS","false","APCS"
"54","PLA2G12B","false","PLA2G12B"
"54","C9","false","C9"
"54","CCL16","false","CCL16"
"54","LINC00261","false","LINC00261"
"54","CYP1A2","false","CYP1A2"
"54","SLC39A5","false","SLC39A5"
"54","DPYS","false","DPYS"
"54","FGF23","false","FGF23"
"54","SLC22A7","false","SLC22A7"
"54","RP11-622A1.2","false","RP11-622A1.2"
"54","RP11-1151B14.3","false","RP11-1151B14.3"
"54","AHSG","false","AHSG"
"54","HRG","false","HRG"
"54","C3P1","false","C3P1"
"54","FABP1","false","FABP1"
"54","CFHR2","false","CFHR2"
"54","NR0B2","false","NR0B2"
"54","ACOT12","false","ACOT12"
"54","NR1H4","false","NR1H4"
"54","ASGR1","false","ASGR1"
"54","ABCG5","false","ABCG5"
"54","HAO1","false","HAO1"
"54","BAAT","false","BAAT"
"54","TTR","false","TTR"
"54","ACSM2B","false","ACSM2B"
"54","DAO","false","DAO"
"54","CYP4F3","false","CYP4F3"
"54","GLYAT","false","GLYAT"
"54","F11","false","F11"
"54","LPA","false","LPA"
"54","UGT1A4","false","UGT1A4"
"54","SULT2A1","false","SULT2A1"
"54","AGXT","false","AGXT"
"54","CRP","false","CRP"
"54","CYP2C9","false","CYP2C9"
"54","APOA4","false","APOA4"
"54","PLG","false","PLG"
"54","SLC17A1","false","SLC17A1"
"54","F9","false","F9"
"54","INHBC","false","INHBC"
"54","GC","false","GC"
"54","KNG1","false","KNG1"
"54","GDF2","false","GDF2"
"54","CYP4A11","false","CYP4A11"
"54","AC010872.1","false","AC010872.1"
"54","GCGR","false","GCGR"
"54","G6PC","false","G6PC"
"54","SLC13A5","false","SLC13A5"
"54","SERPINA7","false","SERPINA7"
"54","UGT2B10","false","UGT2B10"
"54","CYP4F2","false","CYP4F2"
"54","AGXT2","false","AGXT2"
"54","MBL2","false","MBL2"
"54","FYTTD1P1","false","FYTTD1P1"
"54","UGT1A1","false","UGT1A1"
"54","CLDN2","false","CLDN2"
"54","APOC3","false","APOC3"
"54","PRODH2","false","PRODH2"
"54","CFHR5","false","CFHR5"
"54","CYP2B6","false","CYP2B6"
"54","C8A","false","C8A"
"54","INS-IGF2","false","INS-IGF2"
"54","SLC17A3","false","SLC17A3"
"54","ADH1A","false","ADH1A"
"54","TAT","false","TAT"
"54","RP11-116D2.1","false","RP11-116D2.1"
"54","APOA5","false","APOA5"
"54","C8B","false","C8B"
"54","APOA2","false","APOA2"
"54","APOH","false","APOH"
"54","SPP2","false","SPP2"
"54","ACSM2A","false","ACSM2A"
"54","TM4SF5","false","TM4SF5"
"54","MOGAT3","false","MOGAT3"
"54","BHMT","false","BHMT"
"253","HSPD1P3","false","HSPD1P3"
"253","RP11-325E14.2","false","RP11-325E14.2"
"253","RP11-475A13.1","false","RP11-475A13.1"
"253","RP11-489P6.1","false","RP11-489P6.1"
"328","TOX","false","TOX"
"328","RP11-25K19.1","false","RP11-25K19.1"
"327","RP4-555D20.1","false","RP4-555D20.1"
"327","RP4-555D20.2","false","RP4-555D20.2"
"54","SLC22A25","false","SLC22A25"
"54","PON1","false","PON1"
"54","AC013275.2","false","AC013275.2"
"54","LINC01370","false","LINC01370"
"54","HNF1B","false","HNF1B"
"54","ITIH2","false","ITIH2"
"54","PAQR9","false","PAQR9"
"54","LECT2","false","LECT2"
"54","MTND4P20","false","MTND4P20"
"54","BMP10","false","BMP10"
"54","SLC17A4","false","SLC17A4"
"54","ANKS4B","false","ANKS4B"
"54","OR10J6P","false","OR10J6P"
"54","AKR1D1","false","AKR1D1"
"54","INHBE","false","INHBE"
"54","LIPC","false","LIPC"
"54","CA5A","false","CA5A"
"54","SLC22A9","false","SLC22A9"
"54","NR1I2","false","NR1I2"
"54","SERPIND1","false","SERPIND1"
"54","CCL15","false","CCL15"
"54","CLRN3","false","CLRN3"
"54","RP11-372E1.4","false","RP11-372E1.4"
"129","CTB-22K14.1","false","CTB-22K14.1"
"129","RP11-313I2.5","false","RP11-313I2.5"
"129","RP1-228P16.9","false","RP1-228P16.9"
"129","GOLGA8G","false","GOLGA8G"
"129","LINC00052","false","LINC00052"
"65","TRPM1","false","TRPM1"
"129","CTB-186H2.3","false","CTB-186H2.3"
"129","RP11-445O3.3","false","RP11-445O3.3"
"325","GOLGA2P11","false","GOLGA2P11"
"129","RP11-692C23.1","false","RP11-692C23.1"
"129","CTAGE13P","false","CTAGE13P"
"326","PEG3","false","PEG3"
"326","ZIM2","false","ZIM2"
"326","ZIM2-AS1","false","ZIM2-AS1"
"26","CACNG2","false","CACNG2"
"26","MYT1L-AS1","false","MYT1L-AS1"
"129","RP11-436K8.1","false","RP11-436K8.1"
"129","OR4F7P","false","OR4F7P"
"129","SLC22A8","false","SLC22A8"
"26","CH17-351M24.1","false","CH17-351M24.1"
"129","RP11-932A10.1","false","RP11-932A10.1"
"129","CTA-992D9.11","false","CTA-992D9.11"
"71","SFTA3","false","SFTA3"
"129","RP11-707A18.1","false","RP11-707A18.1"
"129","RP5-963E22.5","false","RP5-963E22.5"
"129","ARHGAP42P5","false","ARHGAP42P5"
"26","DGKK","false","DGKK"
"129","CTB-12A17.2","false","CTB-12A17.2"
"72","IGKV2-24","false","IGKV2-24"
"72","IGKV4-1","false","IGKV4-1"
"72","IGLV8-61","false","IGLV8-61"
"72","IGKV1D-39","false","IGKV1D-39"
"72","IGHV1-58","false","IGHV1-58"
"72","IGHV3-72","false","IGHV3-72"
"72","IGLV4-69","false","IGLV4-69"
"72","IGKV1-5","false","IGKV1-5"
"72","IGHV4-34","false","IGHV4-34"
"72","IGHV3-15","false","IGHV3-15"
"72","IGKV2-28","false","IGKV2-28"
"72","IGKV3-20","false","IGKV3-20"
"72","IGKV3-15","false","IGKV3-15"
"72","IGHG2","false","IGHG2"
"72","IGLV1-51","false","IGLV1-51"
"72","IGKV3-11","false","IGKV3-11"
"72","IGKC","false","IGKC"
"72","IGLV2-23","false","IGLV2-23"
"72","IGKV1-17","false","IGKV1-17"
"72","IGLC2","false","IGLC2"
"72","IGHV1-24","false","IGHV1-24"
"72","IGLV2-11","false","IGLV2-11"
"72","IGJ","false","IGJ"
"72","IGKV1-6","false","IGKV1-6"
"72","IGHV3-23","false","IGHV3-23"
"72","IGLV2-14","false","IGLV2-14"
"72","IGHG3","false","IGHG3"
"72","IGHV1-46","false","IGHV1-46"
"72","IGLV1-40","false","IGLV1-40"
"72","IGHV1-2","false","IGHV1-2"
"72","IGHV3-48","false","IGHV3-48"
"54","C4BPA","false","C4BPA"
"54","PLGLA","false","PLGLA"
"54","ABCB11","false","ABCB11"
"54","SLC17A2","false","SLC17A2"
"54","TF","false","TF"
"54","APOB","false","APOB"
"54","ITIH1","false","ITIH1"
"54","SERPINA10","false","SERPINA10"
"54","CREB3L3","false","CREB3L3"
"54","GDA","false","GDA"
"54","UROC1","false","UROC1"
"54","LGALS4","false","LGALS4"
"54","FETUB","false","FETUB"
"54","LINC01320","false","LINC01320"
"54","MT1H","false","MT1H"
"54","MASP1","false","MASP1"
"54","FGL1","false","FGL1"
"54","SLC25A47","false","SLC25A47"
"54","RP11-573D15.8","false","RP11-573D15.8"
"54","F5","false","F5"
"54","CFHR4","false","CFHR4"
"54","CPB2","false","CPB2"
"54","CYP2C18","false","CYP2C18"
"54","GYS2","false","GYS2"
"54","HAMP","false","HAMP"
"54","RP11-404G16.2","false","RP11-404G16.2"
"54","UGT3A1","false","UGT3A1"
"129","OR4G1P","false","OR4G1P"
"72","IGHV3-33","false","IGHV3-33"
"72","IGHA2","false","IGHA2"
"72","IGHV1-69-2","false","IGHV1-69-2"
"72","IGHA1","false","IGHA1"
"72","IGHV2-70","false","IGHV2-70"
"72","IGHV3-7","false","IGHV3-7"
"72","IGLV3-21","false","IGLV3-21"
"42","ANXA8L1","false","ANXA8L1"
"42","ANXA8","false","ANXA8"
"42","NPY4R","false","NPY4R"
"42","KRT5","false","KRT5"
"54","AC005307.3","false","AC005307.3"
"276","RP11-60L3.3","false","RP11-60L3.3"
"129","RP3-341O5.3","false","RP3-341O5.3"
"65","RP11-203B7.2","false","RP11-203B7.2"
"129","PABPC1P12","false","PABPC1P12"
"54","RP11-478P10.1","false","RP11-478P10.1"
"129","RGSL1","false","RGSL1"
"325","RP11-299H22.6","false","RP11-299H22.6"
"129","CTA-212A2.4","false","CTA-212A2.4"
"129","SPRR4","false","SPRR4"
"129","RP11-410C4.5","false","RP11-410C4.5"
"185","RP11-532N4.2","false","RP11-532N4.2"
"197","REG1B","false","REG1B"
"8","SNORA71C","false","SNORA71C"
"8","SNORA71A","false","SNORA71A"
"129","SPATA31E2P","false","SPATA31E2P"
"317","POM121L2","false","POM121L2"
"129","RP11-307A17.2","false","RP11-307A17.2"
"129","RP11-305P22.9","false","RP11-305P22.9"
"129","OTX2","false","OTX2"
"129","C17orf102","false","C17orf102"
"129","RP11-19O2.2","false","RP11-19O2.2"
"57","RP11-244B22.1","false","RP11-244B22.1"
"129","TMCO5A","false","TMCO5A"
"125","DCAF8L2","false","DCAF8L2"
"129","ESRG","false","ESRG"
"129","OSTM1-AS1","false","OSTM1-AS1"
"129","RP11-1016B18.1","false","RP11-1016B18.1"
"129","RP4-737E23.2","false","RP4-737E23.2"
"129","GNL2P1","false","GNL2P1"
"157","NPAP1","false","NPAP1"
"129","AC003984.1","false","AC003984.1"
"313","AC009166.7","false","AC009166.7"
"26","RP5-978I12.1","false","RP5-978I12.1"
"26","LRRTM1","false","LRRTM1"
"26","PLD5","false","PLD5"
"129","RP11-158L12.6","false","RP11-158L12.6"
"129","MIPEPP2","false","MIPEPP2"
"129","MUC3A","false","MUC3A"
"291","TOPAZ1","false","TOPAZ1"
"224","FLJ22763","false","FLJ22763"
"129","RP11-491F9.8","false","RP11-491F9.8"
"129","CTB-127C13.1","false","CTB-127C13.1"
"129","LINC00485","false","LINC00485"
"129","GPR1-AS","false","GPR1-AS"
"26","KCNK10","false","KCNK10"
"129","RP11-103J17.2","false","RP11-103J17.2"
"129","RP4-547N15.3","false","RP4-547N15.3"
"129","RP11-476D10.1","false","RP11-476D10.1"
"119","TSPAN19","false","TSPAN19"
"299","RP11-340F16.2","false","RP11-340F16.2"
"26","LINC00599","false","LINC00599"
"26","TMEM229A","false","TMEM229A"
"255","C10orf67","false","C10orf67"
"129","ZNF705G","false","ZNF705G"
"112","TUSC7","false","TUSC7"
"129","RP11-344G13.1","false","RP11-344G13.1"
"129","WBP11P1","false","WBP11P1"
"259","RP11-385H1.1","false","RP11-385H1.1"
"129","FAM9B","false","FAM9B"
"129","LINC01553","false","LINC01553"
"129","AADACL3","false","AADACL3"
"129","RP11-438F14.3","false","RP11-438F14.3"
"129","RP11-292D4.3","false","RP11-292D4.3"
"129","RP11-629F19.1","false","RP11-629F19.1"
"26","RP11-373E16.3","false","RP11-373E16.3"
"129","RP11-126O22.1","false","RP11-126O22.1"
"129","RP4-570O12.3","false","RP4-570O12.3"
"54","CTD-3076M17.1","false","CTD-3076M17.1"
"203","RP11-665E10.5","false","RP11-665E10.5"
"129","DPPA4","false","DPPA4"
"96","CYP11B2","false","CYP11B2"
"129","RP11-379P15.1","false","RP11-379P15.1"
"54","AFM","false","AFM"
"54","CYP3A4","false","CYP3A4"
"54","HPD","false","HPD"
"239","ORM1","false","ORM1"
"54","ALB","false","ALB"
"54","SLCO1B3","false","SLCO1B3"
"54","TM4SF4","false","TM4SF4"
"54","SLC30A10","false","SLC30A10"
"54","SLC38A4","false","SLC38A4"
"54","CPS1-IT1","false","CPS1-IT1"
"54","GPR128","false","GPR128"
"129","LIN28B","false","LIN28B"
"26","MYT1L","false","MYT1L"
"129","GPR112","false","GPR112"
"129","LIPF","false","LIPF"
"26","AC013437.2","false","AC013437.2"
"129","AC079779.7","false","AC079779.7"
"54","PROC","false","PROC"
"54","ITIH3","false","ITIH3"
"54","FGA","false","FGA"
"54","SLC22A1","false","SLC22A1"
"54","F13B","false","F13B"
"54","CYP2A6","false","CYP2A6"
"54","APOA1","false","APOA1"
"54","VTN","false","VTN"
"54","CYP2E1","false","CYP2E1"
"54","F2","false","F2"
"54","SERPINC1","false","SERPINC1"
"54","PCK1","false","PCK1"
"54","SERPINA6","false","SERPINA6"
"54","SERPINA4","false","SERPINA4"
"54","ITIH4","false","ITIH4"
"54","SLCO1B1","false","SLCO1B1"
"129","FCRL4","false","FCRL4"
"26","FLJ16779","false","FLJ16779"
"48","PDCL3P3","false","PDCL3P3"
"48","OR8B4","false","OR8B4"
"48","OR8B6P","false","OR8B6P"
"48","CTD-2384A14.1","false","CTD-2384A14.1"
"48","OR4N3P","false","OR4N3P"
"48","OR8D2","false","OR8D2"
"48","OR8C1P","false","OR8C1P"
"48","OR11K1P","false","OR11K1P"
"48","OR8D1","false","OR8D1"
"48","OR8B12","false","OR8B12"
"48","OR8X1P","false","OR8X1P"
"48","RP11-30H9.1","false","RP11-30H9.1"
"48","OR8A1","false","OR8A1"
"48","OR8B5P","false","OR8B5P"
"48","OR10D3","false","OR10D3"
"48","OR8B7P","false","OR8B7P"
"48","OR11J2P","false","OR11J2P"
"48","OR8B1P","false","OR8B1P"
"48","OR8B3","false","OR8B3"
"48","PANX3","false","PANX3"
"48","ZSCAN5B","false","ZSCAN5B"
"48","XAGE1A","false","XAGE1A"
"48","OR8B8","false","OR8B8"
"48","RPL5P19","false","RPL5P19"
"48","OR8G1","false","OR8G1"
"129","C1orf110","false","C1orf110"
"129","AC007126.1","false","AC007126.1"
"129","DPCR1","false","DPCR1"
"129","LINC00643","false","LINC00643"
"129","VSX2","false","VSX2"
"129","RP11-489P6.2","false","RP11-489P6.2"
"72","IGHV4-39","false","IGHV4-39"
"72","IGKV1-33","false","IGKV1-33"
"72","IGKV1-16","false","IGKV1-16"
"72","IGHV3-30","false","IGHV3-30"
"72","IGHV3-11","false","IGHV3-11"
"72","IGHV4-28","false","IGHV4-28"
"72","IGHV4-59","false","IGHV4-59"
"72","IGHV3-21","false","IGHV3-21"
"72","IGLV1-44","false","IGLV1-44"
"72","IGHV4-55","false","IGHV4-55"
"72","IGHV3-74","false","IGHV3-74"
"72","IGLV1-47","false","IGLV1-47"
"72","IGHV3-49","false","IGHV3-49"
"72","IGLL5","false","IGLL5"
"72","IGHV4-31","false","IGHV4-31"
"72","IGKV1-27","false","IGKV1-27"
"72","IGLC3","false","IGLC3"
"72","IGLV3-1","false","IGLV3-1"
"72","IGHV2-5","false","IGHV2-5"
"72","IGHV2-26","false","IGHV2-26"
"72","IGKV1-8","false","IGKV1-8"
"72","FCRL5","false","FCRL5"
"72","IGHV3-53","false","IGHV3-53"
"72","IGKV1-9","false","IGKV1-9"
"72","IGLV3-25","false","IGLV3-25"
"72","IGHV4-61","false","IGHV4-61"
"72","IGLC1","false","IGLC1"
"72","IGHG1","false","IGHG1"
"72","IGLV2-8","false","IGLV2-8"
"72","IGHV3-73","false","IGHV3-73"
"129","SERPINB13","false","SERPINB13"
"129","RP11-333A23.4","false","RP11-333A23.4"
"155","RP11-445F12.1","false","RP11-445F12.1"
"297","LBX1-AS1","false","LBX1-AS1"
"129","LCE1B","false","LCE1B"
"129","RP11-731K22.1","false","RP11-731K22.1"
"129","RP11-539E17.5","false","RP11-539E17.5"
"129","CEACAM22P","false","CEACAM22P"
"129","RP11-196E1.3","false","RP11-196E1.3"
"324","RP11-66B24.7","false","RP11-66B24.7"
"324","RP11-66B24.1","false","RP11-66B24.1"
"289","ONECUT3","false","ONECUT3"
"129","AP000997.2","false","AP000997.2"
"129","HNRNPA3P1","false","HNRNPA3P1"
"129","NTRK3-AS1","false","NTRK3-AS1"
"129","RP11-484L7.1","false","RP11-484L7.1"
"129","WDR87","false","WDR87"
"129","TRIML1","false","TRIML1"
"129","FOXG1","false","FOXG1"
"129","RP11-963H1.1","false","RP11-963H1.1"
"129","RP11-693J15.5","false","RP11-693J15.5"
"26","LINGO2","false","LINGO2"
"129","RP11-640N11.2","false","RP11-640N11.2"
"129","BARHL2","false","BARHL2"
"129","NKX2-1-AS1","false","NKX2-1-AS1"
"26","TUNAR","false","TUNAR"
"26","PABPC1L2B","false","PABPC1L2B"
"26","SLC7A14","false","SLC7A14"
"26","SLC32A1","false","SLC32A1"
"26","TMEFF2","false","TMEFF2"
"26","ZNF536","false","ZNF536"
"26","MGAT4C","false","MGAT4C"
"323","SNORA11D","false","SNORA11D"
"323","SNORA11E","false","SNORA11E"
"293","RP11-225N10.1","false","RP11-225N10.1"
"293","C17orf77","false","C17orf77"
"293","R3HDM2P2","false","R3HDM2P2"
"72","IGHG4","false","IGHG4"
"72","IGHGP","false","IGHGP"
"322","FNDC1","false","FNDC1"
"322","FNDC1-IT1","false","FNDC1-IT1"
"322","RP11-13P5.2","false","RP11-13P5.2"
"129","CTC-471C19.1","false","CTC-471C19.1"
"129","RP11-542P2.2","false","RP11-542P2.2"
"129","HS3ST4","false","HS3ST4"
"129","GOLGA6L1","false","GOLGA6L1"
"129","LINC00948","false","LINC00948"
"26","CTC-525D6.1","false","CTC-525D6.1"
"129","SLC22A2","false","SLC22A2"
"129","AC008060.7","false","AC008060.7"
"79","FAM230A","false","FAM230A"
"79","FAM230B","false","FAM230B"
"129","MGAT4D","false","MGAT4D"
"163","CTA-796E4.5","false","CTA-796E4.5"
"26","RP11-728E14.3","false","RP11-728E14.3"
"129","C18orf63","false","C18orf63"
"129","RP5-1186N24.3","false","RP5-1186N24.3"
"272","LINC00705","false","LINC00705"
"54","RP1-27K12.2","false","RP1-27K12.2"
"54","FAM169B","false","FAM169B"
"54","TDRD15","false","TDRD15"
"54","RTP3","false","RTP3"
"54","RP11-104J23.1","false","RP11-104J23.1"
"54","RP11-714M23.2","false","RP11-714M23.2"
"217","AC011343.1","false","AC011343.1"
"54","TRIM10","false","TRIM10"
"54","KB-1552D7.2","false","KB-1552D7.2"
"72","IGLV6-57","false","IGLV6-57"
"72","IGHV5-51","false","IGHV5-51"
"72","IGHV1-18","false","IGHV1-18"
"72","IGLV3-19","false","IGLV3-19"
"129","ABCC13","false","ABCC13"
"26","RP11-314B1.2","false","RP11-314B1.2"
"26","SORCS3","false","SORCS3"
"26","NKAIN3","false","NKAIN3"
"26","RP4-610C12.4","false","RP4-610C12.4"
"72","IGKV1D-13","false","IGKV1D-13"
"72","IGKV3D-11","false","IGKV3D-11"
"72","IGKV1-12","false","IGKV1-12"
"72","CD79A","false","CD79A"
"72","IGHV1-69","false","IGHV1-69"
"72","IGHV6-1","false","IGHV6-1"
"72","IGKV3D-20","false","IGKV3D-20"
"72","IGHV4-4","false","IGHV4-4"
"72","IGHV3-13","false","IGHV3-13"
"48","CSAG1","false","CSAG1"
"48","TP53TG3C","false","TP53TG3C"
"48","MAGEA12","false","MAGEA12"
"48","OR4H6P","false","OR4H6P"
"48","LINC00355","false","LINC00355"
"48","LINC01446","false","LINC01446"
"48","RP11-11H9.2","false","RP11-11H9.2"
"48","NFYAP1","false","NFYAP1"
"48","CNGA2","false","CNGA2"
"129","LCNL1","false","LCNL1"
"129","TOPORSLP","false","TOPORSLP"
"54","RDH16","false","RDH16"
"129","RP4-673D20.6","false","RP4-673D20.6"
"75","SNX19P3","false","SNX19P3"
"75","SNX19P1","false","SNX19P1"
"75","OR4K12P","false","OR4K12P"
"75","POTED","false","POTED"
"75","OR4K7P","false","OR4K7P"
"75","POTEC","false","POTEC"
"129","RP11-65D17.1","false","RP11-65D17.1"
"129","TRIM40","false","TRIM40"
"54","MTTP","false","MTTP"
"54","IGFBP1","false","IGFBP1"
"8","SNORA84","false","SNORA84"
"8","SNORA15","false","SNORA15"
"8","SNORA80B","false","SNORA80B"
"8","SNORA34","false","SNORA34"
"8","SNORA4","false","SNORA4"
"8","SNORA59A","false","SNORA59A"
"8","SNORA80A","false","SNORA80A"
"8","SNORA67","false","SNORA67"
"8","SNORA72","false","SNORA72"
"8","RNY4","false","RNY4"
"8","SCARNA18","false","SCARNA18"
"8","SNORA54","false","SNORA54"
"8","SNORA63","false","SNORA63"
"8","SNORA77","false","SNORA77"
"8","SNORA8","false","SNORA8"
"8","SNORD3D","false","SNORD3D"
"124","FCRL3","false","FCRL3"
"124","PLA2G2D","false","PLA2G2D"
"124","TNFRSF13B","false","TNFRSF13B"
"124","TIGIT","false","TIGIT"
"72","IGLV7-43","false","IGLV7-43"
"72","IGLV2-18","false","IGLV2-18"
"72","IGKV1D-16","false","IGKV1D-16"
"321","ACKR1","false","ACKR1"
"321","SELP","false","SELP"
"321","CHRDL1","false","CHRDL1"
"26","RP5-1119A7.17","false","RP5-1119A7.17"
"265","KNOP1P5","false","KNOP1P5"
"129","AC110926.4","false","AC110926.4"
"129","ZPBP2","false","ZPBP2"
"129","WNT7A","false","WNT7A"
"48","OR8B10P","false","OR8B10P"
"48","GSG1L","false","GSG1L"
"48","OR8A2P","false","OR8A2P"
"48","OR8B9P","false","OR8B9P"
"48","LINC01254","false","LINC01254"
"261","RP11-805I24.1","false","RP11-805I24.1"
"26","RP11-185J20.1","false","RP11-185J20.1"
"129","RP11-405M12.2","false","RP11-405M12.2"
"129","SATB2-AS1","false","SATB2-AS1"
"129","TBR1","false","TBR1"
"129","C1orf61","false","C1orf61"
"320","CCDC144A","false","CCDC144A"
"320","USP32P1","false","USP32P1"
"320","FAM106CP","false","FAM106CP"
"319","PSG5","false","PSG5"
"319","PSG9","false","PSG9"
"319","PSG4","false","PSG4"
"54","CPS1","false","CPS1"
"54","ONECUT1","false","ONECUT1"
"54","UGT1A6","false","UGT1A6"
"54","UGT1A3","false","UGT1A3"
"54","FGG","false","FGG"
"54","FGB","false","FGB"
"54","DNAJB3","false","DNAJB3"
"52","FLJ36000","false","FLJ36000"
"52","LINC00470","false","LINC00470"
"52","NXF2B","false","NXF2B"
"129","RP11-1102P16.1","false","RP11-1102P16.1"
"72","IGHM","false","IGHM"
"26","CA10","false","CA10"
"72","IGHV3-66","false","IGHV3-66"
"72","IGLV3-9","false","IGLV3-9"
"129","PDYN","false","PDYN"
"8","SNORD118","false","SNORD118"
"26","LRRTM4","false","LRRTM4"
"26","RP3-525N10.2","false","RP3-525N10.2"
"26","RP11-117L5.1","false","RP11-117L5.1"
"26","RP11-350A1.1","false","RP11-350A1.1"
"26","TRPM3","false","TRPM3"
"26","RP11-201E8.1","false","RP11-201E8.1"
"202","TTC6","false","TTC6"
"202","LINC00517","false","LINC00517"
"202","SPDEF","false","SPDEF"
"129","CTCFL","false","CTCFL"
"48","MAGEC1","false","MAGEC1"
"48","RP11-169F17.1","false","RP11-169F17.1"
"48","MUC21","false","MUC21"
"129","LINC01532","false","LINC01532"
"129","TRIM43","false","TRIM43"
"133","CARD18","false","CARD18"
"42","RP11-19E11.1","false","RP11-19E11.1"
"42","RASD2","false","RASD2"
"42","EN1","false","EN1"
"42","KCNQ4","false","KCNQ4"
"54","ADH4","false","ADH4"
"129","14-sep","false","14-sep"
"318","MKRN3-AS1","false","MKRN3-AS1"
"318","MKRN3","false","MKRN3"
"258","BLACAT1","false","BLACAT1"
"258","LINC00707","false","LINC00707"
"258","LINC00706","false","LINC00706"
"317","RBM46","false","RBM46"
"124","TIFAB","false","TIFAB"
"124","P2RY10","false","P2RY10"
"124","LY9","false","LY9"
"124","LINC00861","false","LINC00861"
"124","TNFRSF9","false","TNFRSF9"
"124","TRBV28","false","TRBV28"
"124","ZBED2","false","ZBED2"
"124","AIM2","false","AIM2"
"124","XCR1","false","XCR1"
"120","RP11-736N17.4","false","RP11-736N17.4"
"120","KRT16P6","false","KRT16P6"
"120","FAM19A3","false","FAM19A3"
"120","C2orf71","false","C2orf71"
"120","NANOGP1","false","NANOGP1"
"120","LINC00518","false","LINC00518"
"54","SHH","false","SHH"
"129","SAG","false","SAG"
"48","RP11-69H14.6","false","RP11-69H14.6"
"48","LINC01193","false","LINC01193"
"316","TBX5","false","TBX5"
"316","TBX5-AS1","false","TBX5-AS1"
"244","AC009264.1","false","AC009264.1"
"65","AC009313.2","false","AC009313.2"
"129","BX255923.3","false","BX255923.3"
"129","RP11-219A15.4","false","RP11-219A15.4"
"129","AC012594.1","false","AC012594.1"
"8","SNORA70","false","SNORA70"
"315","HAND2","false","HAND2"
"315","HAND2-AS1","false","HAND2-AS1"
"129","DKFZP434L187","false","DKFZP434L187"
"54","RP11-156K13.2","false","RP11-156K13.2"
"8","SNORD83B","false","SNORD83B"
"8","SNORD21","false","SNORD21"
"8","SNORA20","false","SNORA20"
"8","SNORA44","false","SNORA44"
"8","SNORD104","false","SNORD104"
"8","MT-TM","false","MT-TM"
"8","SNORD9","false","SNORD9"
"8","SNORD46","false","SNORD46"
"129","RP11-561O23.5","false","RP11-561O23.5"
"144","HOXA-AS2","false","HOXA-AS2"
"144","HOXA5","false","HOXA5"
"144","HOXA3","false","HOXA3"
"144","HOXA1","false","HOXA1"
"144","HOXA-AS3","false","HOXA-AS3"
"144","HOXA6","false","HOXA6"
"198","SHOX","false","SHOX"
"129","SPATA31C1","false","SPATA31C1"
"26","RP11-437J2.3","false","RP11-437J2.3"
"26","AC087430.1","false","AC087430.1"
"129","CTD-2331D11.4","false","CTD-2331D11.4"
"306","FLG2","false","FLG2"
"314","RP11-654E17.2","false","RP11-654E17.2"
"314","PTCHD1","false","PTCHD1"
"313","SALL1","false","SALL1"
"8","SCARNA22","false","SCARNA22"
"312","AC006946.16","false","AC006946.16"
"312","CECR7","false","CECR7"
"312","AC006946.17","false","AC006946.17"
"129","RP11-299J5.1","false","RP11-299J5.1"
"129","EPS15P1","false","EPS15P1"
"311","RP11-17A4.2","false","RP11-17A4.2"
"311","LINC00968","false","LINC00968"
"54","PKLR","false","PKLR"
"310","IRX2","false","IRX2"
"310","C5orf38","false","C5orf38"
"141","RP11-484L7.2","false","RP11-484L7.2"
"54","UGT2B4","false","UGT2B4"
"54","RP11-407N17.3","false","RP11-407N17.3"
"26","SNTG1","false","SNTG1"
"26","VSTM2B","false","VSTM2B"
"54","ADH6","false","ADH6"
"54","FOXA2","false","FOXA2"
"26","SLC8A3","false","SLC8A3"
"48","RNASEH1P1","false","RNASEH1P1"
"48","RP11-63E9.1","false","RP11-63E9.1"
"129","DCAF8L1","false","DCAF8L1"
"42","STAC2","false","STAC2"
"42","NKX1-2","false","NKX1-2"
"42","EEF1DP5","false","EEF1DP5"
"42","KRT87P","false","KRT87P"
"42","GSDMC","false","GSDMC"
"42","KRT83","false","KRT83"
"42","PPP1R14C","false","PPP1R14C"
"42","KRT81","false","KRT81"
"309","SALRNA1","false","SALRNA1"
"309","SIX6","false","SIX6"
"309","SIX1","false","SIX1"
"309","SALL4P7","false","SALL4P7"
"308","RP11-34P13.14","false","RP11-34P13.14"
"308","FAM157A","false","FAM157A"
"308","RP11-34P13.16","false","RP11-34P13.16"
"8","SNORD13","false","SNORD13"
"307","TMEM161BP1","false","TMEM161BP1"
"307","ATP8A2P1","false","ATP8A2P1"
"307","RP11-20F24.2","false","RP11-20F24.2"
"306","FLG","false","FLG"
"306","DCT","false","DCT"
"305","OR14A2","false","OR14A2"
"305","OR1C1","false","OR1C1"
"305","OR13G1","false","OR13G1"
"305","RP11-634B7.4","false","RP11-634B7.4"
"304","SOX21","false","SOX21"
"304","SOX21-AS1","false","SOX21-AS1"
"303","RP11-498B4.5","false","RP11-498B4.5"
"303","C10orf82","false","C10orf82"
"54","CDHR2","false","CDHR2"
"120","FZD9","false","FZD9"
"120","ROPN1B","false","ROPN1B"
"124","HNRNPA1P70","false","HNRNPA1P70"
"124","AC007278.3","false","AC007278.3"
"124","POU2AF1","false","POU2AF1"
"124","MS4A1","false","MS4A1"
"124","KIAA0125","false","KIAA0125"
"124","TBC1D27","false","TBC1D27"
"124","FCRL2","false","FCRL2"
"124","FCRLA","false","FCRLA"
"43","IDO1","false","IDO1"
"43","CXCL9","false","CXCL9"
"43","CXCL10","false","CXCL10"
"72","IGHV3-43","false","IGHV3-43"
"26","LINC01289","false","LINC01289"
"26","SVOP","false","SVOP"
"26","HMP19","false","HMP19"
"26","CTD-3149D2.2","false","CTD-3149D2.2"
"129","RP11-810K23.6","false","RP11-810K23.6"
"129","RP11-105C19.2","false","RP11-105C19.2"
"129","OR4F17","false","OR4F17"
"54","CYP4A22","false","CYP4A22"
"54","C6","false","C6"
"129","GOLGA8EP","false","GOLGA8EP"
"129","CTA-722E9.1","false","CTA-722E9.1"
"302","HRASLS","false","HRASLS"
"302","GPR156","false","GPR156"
"54","FGF21","false","FGF21"
"300","ALAS2","false","ALAS2"
"300","HBA1","false","HBA1"
"300","HBD","false","HBD"
"300","HBB","false","HBB"
"300","HBA2","false","HBA2"
"300","SLC4A1","false","SLC4A1"
"65","SPATA31A6","false","SPATA31A6"
"65","KRT77","false","KRT77"
"65","NPAP1P4","false","NPAP1P4"
"301","AC114730.3","false","AC114730.3"
"301","GAL3ST2","false","GAL3ST2"
"234","RP11-42L13.3","false","RP11-42L13.3"
"300","HBG2","false","HBG2"
"42","DSG3","false","DSG3"
"42","SBSN","false","SBSN"
"42","C6orf15","false","C6orf15"
"42","KLK7","false","KLK7"
"299","ANKRD30BL","false","ANKRD30BL"
"298","RP11-290L7.5","false","RP11-290L7.5"
"298","CNTNAP3","false","CNTNAP3"
"26","SOX1","false","SOX1"
"26","TMEM132B","false","TMEM132B"
"26","TMEM132D","false","TMEM132D"
"26","FRMPD4","false","FRMPD4"
"26","NPY2R","false","NPY2R"
"26","RP11-384P7.7","false","RP11-384P7.7"
"26","XRCC6P4","false","XRCC6P4"
"26","NEFL","false","NEFL"
"26","KCTD8","false","KCTD8"
"26","RIMBP2","false","RIMBP2"
"294","RGMA","false","RGMA"
"294","RP11-368J22.2","false","RP11-368J22.2"
"294","KIAA1755","false","KIAA1755"
"297","TRIM71","false","TRIM71"
"210","GABRA2","false","GABRA2"
"210","RP11-320H14.1","false","RP11-320H14.1"
"210","PPP2R2B","false","PPP2R2B"
"129","XXyac-YX155B6.5","false","XXyac-YX155B6.5"
"296","NETO1","false","NETO1"
"296","RP11-713C5.1","false","RP11-713C5.1"
"295","CYP4F35P","false","CYP4F35P"
"295","ANKRD20A5P","false","ANKRD20A5P"
"295","RP11-757O6.1","false","RP11-757O6.1"
"295","RP11-757O6.6","false","RP11-757O6.6"
"294","BPI","false","BPI"
"129","CDX2","false","CDX2"
"26","ADCY8","false","ADCY8"
"26","GRIN2B","false","GRIN2B"
"26","RP11-731J8.2","false","RP11-731J8.2"
"26","TMEM257","false","TMEM257"
"75","GRAMD4P1","false","GRAMD4P1"
"75","AL050303.10","false","AL050303.10"
"75","CXADRP3","false","CXADRP3"
"293","RP11-361D14.2","false","RP11-361D14.2"
"292","RP11-550I15.1","false","RP11-550I15.1"
"292","RP11-56A10.1","false","RP11-56A10.1"
"292","RP1","false","RP1"
"291","ZCCHC16","false","ZCCHC16"
"37","GATA3-AS1","false","GATA3-AS1"
"37","GATA3","false","GATA3"
"37","RP11-428L9.2","false","RP11-428L9.2"
"37","RP11-379F12.4","false","RP11-379F12.4"
"37","RP11-379F12.3","false","RP11-379F12.3"
"129","RP11-168O16.1","false","RP11-168O16.1"
"290","LINC00221","false","LINC00221"
"129","RP1-301L19.1","false","RP1-301L19.1"
"129","ZDHHC22","false","ZDHHC22"
"289","FER1L6-AS2","false","FER1L6-AS2"
"288","MCIDAS","false","MCIDAS"
"288","CCNO","false","CCNO"
"287","HIST1H2BH","false","HIST1H2BH"
"287","HIST1H3F","false","HIST1H3F"
"287","HIST1H3G","false","HIST1H3G"
"286","ZNF727","false","ZNF727"
"286","TRIM60P17","false","TRIM60P17"
"285","RP11-925D8.5","false","RP11-925D8.5"
"285","LINC01127","false","LINC01127"
"285","RP11-925D8.6","false","RP11-925D8.6"
"129","LINC01249","false","LINC01249"
"284","RP11-180N14.1","false","RP11-180N14.1"
"284","ZNF385D","false","ZNF385D"
"284","LINC00710","false","LINC00710"
"26","RP11-442N1.2","false","RP11-442N1.2"
"283","SNORA61","false","SNORA61"
"283","RP11-27M24.1","false","RP11-27M24.1"
"129","PRKRIRP5","false","PRKRIRP5"
"129","RP11-243A14.1","false","RP11-243A14.1"
"282","MTND4P2","false","MTND4P2"
"26","SLITRK1","false","SLITRK1"
"26","XKR7","false","XKR7"
"72","IGLV1-36","false","IGLV1-36"
"167","AP000525.10","false","AP000525.10"
"167","DUXAP10","false","DUXAP10"
"167","RP11-146E13.4","false","RP11-146E13.4"
"167","RP11-496I2.2","false","RP11-496I2.2"
"167","AL589743.1","false","AL589743.1"
"167","RP11-496I2.5","false","RP11-496I2.5"
"167","LL22NC03-N14H11.1","false","LL22NC03-N14H11.1"
"167","LL22NC03-N64E9.1","false","LL22NC03-N64E9.1"
"167","LINC01296","false","LINC01296"
"76","POTEI","false","POTEI"
"76","CYP4F30P","false","CYP4F30P"
"76","AC018804.3","false","AC018804.3"
"76","POTEE","false","POTEE"
"76","POTEF","false","POTEF"
"76","CYP4F62P","false","CYP4F62P"
"76","FAR2P1","false","FAR2P1"
"76","FAR2P3","false","FAR2P3"
"76","RP11-433A19.2","false","RP11-433A19.2"
"281","GABRG3","false","GABRG3"
"281","AC144833.1","false","AC144833.1"
"54","RP11-400G3.5","false","RP11-400G3.5"
"234","C1orf158","false","C1orf158"
"234","VGLL2","false","VGLL2"
"234","RP5-1070A16.1","false","RP5-1070A16.1"
"280","CTC-260E6.4","false","CTC-260E6.4"
"280","CTC-260E6.3","false","CTC-260E6.3"
"26","RP11-521O16.2","false","RP11-521O16.2"
"279","APOC4-APOC2","false","APOC4-APOC2"
"279","APOC2","false","APOC2"
"26","RP11-572C21.1","false","RP11-572C21.1"
"278","CR1","false","CR1"
"278","CD209","false","CD209"
"278","IL2RA","false","IL2RA"
"278","F13A1","false","F13A1"
"129","KRT2","false","KRT2"
"120","ROPN1","false","ROPN1"
"120","AC005863.1","false","AC005863.1"
"277","POTEH","false","POTEH"
"277","LINC01297","false","LINC01297"
"277","CTD-2311B13.1","false","CTD-2311B13.1"
"202","TFF1","false","TFF1"
"202","AGR2","false","AGR2"
"202","TFF3","false","TFF3"
"202","FOXA1","false","FOXA1"
"181","CXCL2","false","CXCL2"
"181","CXCL3","false","CXCL3"
"181","AQP9","false","AQP9"
"181","FCAR","false","FCAR"
"181","TREM1","false","TREM1"
"199","HOXC-AS3","false","HOXC-AS3"
"199","HOXC10","false","HOXC10"
"199","HOXC11","false","HOXC11"
"209","RP11-195B21.3","false","RP11-195B21.3"
"209","GXYLT1P3","false","GXYLT1P3"
"209","ANKRD20A3","false","ANKRD20A3"
"209","RP11-15E1.5","false","RP11-15E1.5"
"209","RP11-459O16.8","false","RP11-459O16.8"
"209","ANKRD20A2","false","ANKRD20A2"
"209","ANKRD20A1","false","ANKRD20A1"
"209","RP11-146D12.2","false","RP11-146D12.2"
"129","RFX4","false","RFX4"
"276","SPATA31D4","false","SPATA31D4"
"275","GDNF-AS1","false","GDNF-AS1"
"275","GDNF","false","GDNF"
"275","RP11-109I13.2","false","RP11-109I13.2"
"274","CTD-2291D10.4","false","CTD-2291D10.4"
"274","ZNF730","false","ZNF730"
"54","ABCG8","false","ABCG8"
"239","ORM2","false","ORM2"
"239","SAA4","false","SAA4"
"273","LINC01043","false","LINC01043"
"273","GS1-306C12.1","false","GS1-306C12.1"
"272","LINC00704","false","LINC00704"
"239","SAA1","false","SAA1"
"239","SAA2","false","SAA2"
"271","LINC00473","false","LINC00473"
"271","LINC00602","false","LINC00602"
"271","RP11-252P19.1","false","RP11-252P19.1"
"26","SLITRK2","false","SLITRK2"
"26","ANKRD26P1","false","ANKRD26P1"
"26","POU3F3","false","POU3F3"
"26","RP11-266O8.1","false","RP11-266O8.1"
"26","RP11-164C12.2","false","RP11-164C12.2"
"270","NPY1R","false","NPY1R"
"270","NPY5R","false","NPY5R"
"26","SLC17A7","false","SLC17A7"
"129","OR2L8","false","OR2L8"
"37","AC092667.2","false","AC092667.2"
"37","AFF3","false","AFF3"
"37","LINC00504","false","LINC00504"
"37","AC008268.1","false","AC008268.1"
"269","SNORD116-16","false","SNORD116-16"
"269","SNORD116-26","false","SNORD116-26"
"269","SNORD116-6","false","SNORD116-6"
"269","SNORD116-2","false","SNORD116-2"
"269","SNORD116-9","false","SNORD116-9"
"269","SNORD116-15","false","SNORD116-15"
"269","SNORD116-22","false","SNORD116-22"
"269","SNORD116-3","false","SNORD116-3"
"269","SNORD116-24","false","SNORD116-24"
"269","SNORD116-1","false","SNORD116-1"
"269","SNORD116-8","false","SNORD116-8"
"129","RP11-1090M7.1","false","RP11-1090M7.1"
"167","AC005477.1","false","AC005477.1"
"129","IGFN1","false","IGFN1"
"268","RP3-323A16.1","false","RP3-323A16.1"
"268","ISX","false","ISX"
"268","SC22CB-109E1.1","false","SC22CB-109E1.1"
"267","RP11-1038A11.3","false","RP11-1038A11.3"
"267","RP11-1038A11.1","false","RP11-1038A11.1"
"267","AC013410.1","false","AC013410.1"
"267","RP11-319E16.2","false","RP11-319E16.2"
"267","RP11-1038A11.2","false","RP11-1038A11.2"
"26","ATCAY","false","ATCAY"
"26","AC093390.1","false","AC093390.1"
"266","PRKRIRP2","false","PRKRIRP2"
"266","CADM2-AS1","false","CADM2-AS1"
"266","CADM2","false","CADM2"
"265","GOLGA2P1","false","GOLGA2P1"
"265","DCAF4L2","false","DCAF4L2"
"265","LINC01205","false","LINC01205"
"26","LRFN5","false","LRFN5"
"26","ADCYAP1R1","false","ADCYAP1R1"
"26","NLGN1","false","NLGN1"
"26","PURG","false","PURG"
"26","LSAMP","false","LSAMP"
"26","LPHN3","false","LPHN3"
"26","SCN2B","false","SCN2B"
"129","NEUROD4","false","NEUROD4"
"264","CHODL-AS1","false","CHODL-AS1"
"264","CHODL","false","CHODL"
"264","C21orf91-OT1","false","C21orf91-OT1"
"26","RP11-65F13.3","false","RP11-65F13.3"
"26","RP11-378I6.1","false","RP11-378I6.1"
"54","ANGPTL3","false","ANGPTL3"
"54","CYP2C19","false","CYP2C19"
"263","RP5-968D22.1","false","RP5-968D22.1"
"263","QRSL1P1","false","QRSL1P1"
"37","ANKRD30B","false","ANKRD30B"
"37","ANKRD30BP1","false","ANKRD30BP1"
"120","PES1P2","false","PES1P2"
"120","SLC22A16","false","SLC22A16"
"120","CIR1P2","false","CIR1P2"
"120","RP11-445N18.7","false","RP11-445N18.7"
"120","OR2S2","false","OR2S2"
"42","TRIM29","false","TRIM29"
"42","KLK8","false","KLK8"
"42","AKR1B15","false","AKR1B15"
"42","KRT16","false","KRT16"
"42","GJB3","false","GJB3"
"120","RP11-351J23.2","false","RP11-351J23.2"
"54","C14orf105","false","C14orf105"
"54","HP","false","HP"
"54","MAT1A","false","MAT1A"
"262","PCBP3-OT1","false","PCBP3-OT1"
"262","AJ011931.1","false","AJ011931.1"
"262","PCBP3","false","PCBP3"
"262","RP1-101D8.1","false","RP1-101D8.1"
"262","AL592528.1","false","AL592528.1"
"54","SERPINA1","false","SERPINA1"
"261","BAGE2","false","BAGE2"
"260","RP11-44F14.8","false","RP11-44F14.8"
"260","RP11-44F14.10","false","RP11-44F14.10"
"120","DLX6-AS1","false","DLX6-AS1"
"120","SMYD1","false","SMYD1"
"120","RFPL4B","false","RFPL4B"
"8","SNORA40","false","SNORA40"
"8","SCARNA23","false","SCARNA23"
"42","KLK6","false","KLK6"
"42","KRT17","false","KRT17"
"42","KRT6B","false","KRT6B"
"42","TMPRSS13","false","TMPRSS13"
"72","IGLV3-10","false","IGLV3-10"
"26","RP11-471M2.3","false","RP11-471M2.3"
"26","LINC00397","false","LINC00397"
"26","RP11-29P20.1","false","RP11-29P20.1"
"42","PQLC2L","false","PQLC2L"
"42","LY6D","false","LY6D"
"42","S100A2","false","S100A2"
"42","RP11-481F24.3","false","RP11-481F24.3"
"129","RP11-483E23.2","false","RP11-483E23.2"
"129","SERBP1P4","false","SERBP1P4"
"129","LINC01531","false","LINC01531"
"124","IFNG-AS1","false","IFNG-AS1"
"129","ST8SIA3","false","ST8SIA3"
"259","TACR3","false","TACR3"
"48","RP11-218F4.1","false","RP11-218F4.1"
"48","MAGEA2","false","MAGEA2"
"48","MAGEA3","false","MAGEA3"
"48","MAGEA6","false","MAGEA6"
"26","CACNG7","false","CACNG7"
"122","C4B","false","C4B"
"122","C4A","false","C4A"
"122","CYP21A1P","false","CYP21A1P"
"258","KCNK9","false","KCNK9"
"54","ARG1","false","ARG1"
"48","RP11-586K12.2","false","RP11-586K12.2"
"48","TP53TG3D","false","TP53TG3D"
"48","RP11-67H24.3","false","RP11-67H24.3"
"48","HERC2P5","false","HERC2P5"
"48","HERC2P4","false","HERC2P4"
"48","HERC2P8","false","HERC2P8"
"48","RP11-586K12.1","false","RP11-586K12.1"
"54","HNF1A-AS1","false","HNF1A-AS1"
"54","HAL","false","HAL"
"54","UPB1","false","UPB1"
"54","HNF1A","false","HNF1A"
"54","MIA2","false","MIA2"
"257","RP11-161M6.2","false","RP11-161M6.2"
"257","SOX8","false","SOX8"
"75","LINC00593","false","LINC00593"
"75","RP11-279F6.2","false","RP11-279F6.2"
"244","RP11-1281K21.8","false","RP11-1281K21.8"
"244","AC069277.2","false","AC069277.2"
"129","BHLHB9P1","false","BHLHB9P1"
"26","AC002480.2","false","AC002480.2"
"129","EIF4E1B","false","EIF4E1B"
"54","FTCD","false","FTCD"
"256","RPL35AP31","false","RPL35AP31"
"256","DACH1","false","DACH1"
"8","SNORD110","false","SNORD110"
"54","OTC","false","OTC"
"124","FCRL1","false","FCRL1"
"124","DTHD1","false","DTHD1"
"124","BLK","false","BLK"
"120","OR5P1P","false","OR5P1P"
"120","LINC01524","false","LINC01524"
"120","RP11-494M8.4","false","RP11-494M8.4"
"42","GPRIN2","false","GPRIN2"
"42","VGLL1","false","VGLL1"
"42","GABRP","false","GABRP"
"42","KRT23","false","KRT23"
"42","KRT15","false","KRT15"
"255","HMSD","false","HMSD"
"42","KRT86","false","KRT86"
"254","ZNF849P","false","ZNF849P"
"254","ZNF492","false","ZNF492"
"253","KCNIP4-IT1","false","KCNIP4-IT1"
"253","RP11-74M13.4","false","RP11-74M13.4"
"252","PPP3R2","false","PPP3R2"
"251","CFHR3","false","CFHR3"
"251","CFHR1","false","CFHR1"
"26","XKR4","false","XKR4"
"26","UG0898H09","false","UG0898H09"
"26","PMP2","false","PMP2"
"250","AC105921.5","false","AC105921.5"
"250","ERBB4","false","ERBB4"
"250","MTND2P23","false","MTND2P23"
"249","CYP4Z2P","false","CYP4Z2P"
"249","RP11-184J23.2","false","RP11-184J23.2"
"249","RP11-346M5.1","false","RP11-346M5.1"
"249","CYP4Z1","false","CYP4Z1"
"248","PRSS50","false","PRSS50"
"248","PRSS45","false","PRSS45"
"48","MTRF1LP2","false","MTRF1LP2"
"48","RP11-109J4.1","false","RP11-109J4.1"
"65","IL36RN","false","IL36RN"
"26","GRIA4","false","GRIA4"
"26","CACNA1E","false","CACNA1E"
"247","AC007128.1","false","AC007128.1"
"247","RP4-594A5.1","false","RP4-594A5.1"
"246","RP11-989E6.3","false","RP11-989E6.3"
"120","RP11-52L5.6","false","RP11-52L5.6"
"120","RGR","false","RGR"
"120","OR13C7","false","OR13C7"
"26","RIT2","false","RIT2"
"26","ELMOD1","false","ELMOD1"
"245","PSG8","false","PSG8"
"245","PSG11","false","PSG11"
"245","PSG1","false","PSG1"
"245","PSG7","false","PSG7"
"245","PSG6","false","PSG6"
"65","RPTN","false","RPTN"
"48","AC005537.2","false","AC005537.2"
"48","RP11-776H12.1","false","RP11-776H12.1"
"48","KRTAP4-1","false","KRTAP4-1"
"48","TP53TG3","false","TP53TG3"
"244","CHRM2","false","CHRM2"
"244","RP11-39C10.1","false","RP11-39C10.1"
"243","CD1C","false","CD1C"
"243","CD1A","false","CD1A"
"243","CD1E","false","CD1E"
"208","RP11-598F7.4","false","RP11-598F7.4"
"208","GPR158-AS1","false","GPR158-AS1"
"242","MIR3648-2","false","MIR3648-2"
"242","MIR3648-1","false","MIR3648-1"
"48","OR8B2","false","OR8B2"
"48","LINC01194","false","LINC01194"
"241","CLPSL2","false","CLPSL2"
"241","CLPSL1","false","CLPSL1"
"240","RIMS2","false","RIMS2"
"240","RP11-1C8.4","false","RP11-1C8.4"
"54","CRYAA","false","CRYAA"
"239","SAA2-SAA4","false","SAA2-SAA4"
"144","HOXA11-AS","false","HOXA11-AS"
"144","HOXA11","false","HOXA11"
"144","HOXA10","false","HOXA10"
"144","HOXA10-AS","false","HOXA10-AS"
"144","HOXA9","false","HOXA9"
"238","MT-RNR2","false","MT-RNR2"
"238","MTRNR2L12","false","MTRNR2L12"
"238","MT-RNR1","false","MT-RNR1"
"26","TCEAL5","false","TCEAL5"
"26","TCEAL6","false","TCEAL6"
"26","DGKB","false","DGKB"
"26","RP11-384F7.2","false","RP11-384F7.2"
"129","ENAM","false","ENAM"
"237","CPAMD8","false","CPAMD8"
"237","AC060834.2","false","AC060834.2"
"236","MAGEB4","false","MAGEB4"
"235","RP11-243M5.5","false","RP11-243M5.5"
"235","RP11-76C10.3","false","RP11-76C10.3"
"235","RP11-76C10.5","false","RP11-76C10.5"
"235","RP11-76C10.6","false","RP11-76C10.6"
"234","RP1-272E8.2","false","RP1-272E8.2"
"202","PRR15","false","PRR15"
"202","C9orf152","false","C9orf152"
"202","MLPH","false","MLPH"
"233","CTD-2651B20.7","false","CTD-2651B20.7"
"233","CTD-2651B20.6","false","CTD-2651B20.6"
"233","AC084082.3","false","AC084082.3"
"232","ANKRD20A11P","false","ANKRD20A11P"
"232","SNX18P13","false","SNX18P13"
"232","CYP4F29P","false","CYP4F29P"
"231","IRS4","false","IRS4"
"231","RP6-24A23.7","false","RP6-24A23.7"
"231","RP6-24A23.3","false","RP6-24A23.3"
"120","RSU1P2","false","RSU1P2"
"165","ZNF208","false","ZNF208"
"165","ZNF676","false","ZNF676"
"165","BNIP3P28","false","BNIP3P28"
"230","AQP5","false","AQP5"
"230","RP11-469H8.6","false","RP11-469H8.6"
"230","AQP2","false","AQP2"
"42","KLRG2","false","KLRG2"
"42","PADI2","false","PADI2"
"229","CTD-2231H16.1","false","CTD-2231H16.1"
"229","PLEKHG4B","false","PLEKHG4B"
"228","RP11-576D8.4","false","RP11-576D8.4"
"42","KRT7","false","KRT7"
"42","RP3-416H24.1","false","RP3-416H24.1"
"227","OR8S1","false","OR8S1"
"124","GZMK","false","GZMK"
"226","PAPL","false","PAPL"
"226","KRT6C","false","KRT6C"
"225","AC108142.1","false","AC108142.1"
"225","TENM3","false","TENM3"
"224","LINC00890","false","LINC00890"
"26","PABPC1P11","false","PABPC1P11"
"26","SH3GL2","false","SH3GL2"
"90","SLC25A24P2","false","SLC25A24P2"
"90","NBPF5P","false","NBPF5P"
"90","RP11-131J3.1","false","RP11-131J3.1"
"90","NBPF4","false","NBPF4"
"90","SLC25A24P1","false","SLC25A24P1"
"90","RP11-483I13.2","false","RP11-483I13.2"
"54","APOF","false","APOF"
"120","OR2S1P","false","OR2S1P"
"120","LINC00961","false","LINC00961"
"120","HRCT1","false","HRCT1"
"223","RP11-244H18.3","false","RP11-244H18.3"
"223","TRIML2","false","TRIML2"
"223","NEK2P2","false","NEK2P2"
"222","CACNG8","false","CACNG8"
"221","RP11-362F19.2","false","RP11-362F19.2"
"221","RP11-362F19.1","false","RP11-362F19.1"
"220","PGLYRP4","false","PGLYRP4"
"220","S100A7A","false","S100A7A"
"26","RP11-313C15.1","false","RP11-313C15.1"
"26","KCNB2","false","KCNB2"
"26","B3GALT1","false","B3GALT1"
"219","AL078633.1","false","AL078633.1"
"219","SMAD1-AS1","false","SMAD1-AS1"
"218","RP11-441F2.2","false","RP11-441F2.2"
"218","DKFZP434H168","false","DKFZP434H168"
"218","GNAO1","false","GNAO1"
"218","RP11-441F2.4","false","RP11-441F2.4"
"129","RP13-580B18.4","false","RP13-580B18.4"
"129","KNOP1P4","false","KNOP1P4"
"217","PROX1-AS1","false","PROX1-AS1"
"217","RP11-478J18.2","false","RP11-478J18.2"
"217","PROX1","false","PROX1"
"217","LINC00538","false","LINC00538"
"54","ADH1C","false","ADH1C"
"54","ACSM5","false","ACSM5"
"216","CTA-315H11.2","false","CTA-315H11.2"
"216","MLXIPL","false","MLXIPL"
"215","OR52E7P","false","OR52E7P"
"215","OR52E4","false","OR52E4"
"215","OR52N2","false","OR52N2"
"215","OR52E8","false","OR52E8"
"215","OR52E5","false","OR52E5"
"214","TPSB2","false","TPSB2"
"214","CPA3","false","CPA3"
"214","TPSAB1","false","TPSAB1"
"129","RP11-511I11.2","false","RP11-511I11.2"
"129","PAUPAR","false","PAUPAR"
"120","DLX6","false","DLX6"
"72","IGLV10-54","false","IGLV10-54"
"26","KCNA4","false","KCNA4"
"213","UBD","false","UBD"
"213","OR2I1P","false","OR2I1P"
"212","DUOX2","false","DUOX2"
"212","DUOXA2","false","DUOXA2"
"48","RP11-572C15.5","false","RP11-572C15.5"
"211","R3HDM2P1","false","R3HDM2P1"
"210","JAKMIP2","false","JAKMIP2"
"26","HTR2A","false","HTR2A"
"26","TEX15","false","TEX15"
"209","ANKRD20A7P","false","ANKRD20A7P"
"209","CR848007.2","false","CR848007.2"
"209","SNX18P5","false","SNX18P5"
"209","GXYLT1P5","false","GXYLT1P5"
"208","IQSEC3","false","IQSEC3"
"54","TRIM15","false","TRIM15"
"156","LINC01152","false","LINC01152"
"156","SOX9-AS1","false","SOX9-AS1"
"156","UGT8","false","UGT8"
"156","AC005152.3","false","AC005152.3"
"156","RANBP20P","false","RANBP20P"
"207","LINC01016","false","LINC01016"
"207","GPR139","false","GPR139"
"40","RP1-293L8.2","false","RP1-293L8.2"
"26","CTNNA2","false","CTNNA2"
"26","HPCAL4","false","HPCAL4"
"26","PAK7","false","PAK7"
"54","AMBP","false","AMBP"
"54","HPX","false","HPX"
"206","FAM83B","false","FAM83B"
"206","RP3-523K23.2","false","RP3-523K23.2"
"205","GREM2","false","GREM2"
"205","HSD17B13","false","HSD17B13"
"204","LINC00982","false","LINC00982"
"204","RP11-22L13.1","false","RP11-22L13.1"
"203","RP11-720D4.2","false","RP11-720D4.2"
"202","SLC44A4","false","SLC44A4"
"201","AC112721.2","false","AC112721.2"
"201","AC093850.2","false","AC093850.2"
"200","RP11-265N7.1","false","RP11-265N7.1"
"200","RP11-462P6.1","false","RP11-462P6.1"
"120","PROKR2","false","PROKR2"
"120","CA6","false","CA6"
"199","HOTAIR","false","HOTAIR"
"8","VTRNA2-1","false","VTRNA2-1"
"198","LINC01230","false","LINC01230"
"198","ADIPOQ-AS1","false","ADIPOQ-AS1"
"197","PNLIPRP1","false","PNLIPRP1"
"196","AF064860.7","false","AF064860.7"
"196","B3GALT5-AS1","false","B3GALT5-AS1"
"196","B3GALT5","false","B3GALT5"
"54","CYP2C8","false","CYP2C8"
"72","IGKV2D-28","false","IGKV2D-28"
"195","TUSC5","false","TUSC5"
"195","ADIPOQ","false","ADIPOQ"
"195","CIDEA","false","CIDEA"
"57","ADAMTS20","false","ADAMTS20"
"57","CTD-2144E22.5","false","CTD-2144E22.5"
"57","RP11-110H1.8","false","RP11-110H1.8"
"57","AP003900.6","false","AP003900.6"
"194","VNN1","false","VNN1"
"194","VNN3","false","VNN3"
"193","RP11-114G11.4","false","RP11-114G11.4"
"129","DYNAP","false","DYNAP"
"192","AC005682.5","false","AC005682.5"
"192","PRKCQ-AS1","false","PRKCQ-AS1"
"26","HAUS1P3","false","HAUS1P3"
"120","OR5E1P","false","OR5E1P"
"120","OR5P2","false","OR5P2"
"120","OR5P3","false","OR5P3"
"120","OVCH2","false","OVCH2"
"26","EPHA5","false","EPHA5"
"26","VWC2","false","VWC2"
"191","SP9","false","SP9"
"191","LINC01305","false","LINC01305"
"190","RP11-557C9.1","false","RP11-557C9.1"
"190","SLC7A13","false","SLC7A13"
"189","CTD-2311M21.2","false","CTD-2311M21.2"
"189","CYP11A1","false","CYP11A1"
"189","CTD-2311M21.3","false","CTD-2311M21.3"
"54","SERPINF2","false","SERPINF2"
"129","REG4","false","REG4"
"188","DKFZp434J0226","false","DKFZp434J0226"
"188","CTC-344H19.6","false","CTC-344H19.6"
"188","AC006262.5","false","AC006262.5"
"187","UGT2B28","false","UGT2B28"
"187","RP11-704M14.1","false","RP11-704M14.1"
"187","UGT2B11","false","UGT2B11"
"186","BHMT2","false","BHMT2"
"186","ALDH1L1","false","ALDH1L1"
"26","CADM3-AS1","false","CADM3-AS1"
"48","MAGEA2B","false","MAGEA2B"
"48","MAGEA10","false","MAGEA10"
"48","CSAG2","false","CSAG2"
"48","RP11-366F6.2","false","RP11-366F6.2"
"48","CSAG3","false","CSAG3"
"185","RP11-560F18.1","false","RP11-560F18.1"
"37","C1orf64","false","C1orf64"
"37","CT62","false","CT62"
"37","RP11-5P18.5","false","RP11-5P18.5"
"37","RAD17P1","false","RAD17P1"
"184","RP11-191L9.4","false","RP11-191L9.4"
"184","CTA-280A3.2","false","CTA-280A3.2"
"183","CTC-497E21.3","false","CTC-497E21.3"
"183","RASSF10","false","RASSF10"
"182","CCNYL2","false","CCNYL2"
"182","LINC00839","false","LINC00839"
"26","RP11-473M10.3","false","RP11-473M10.3"
"26","CTD-2218G20.2","false","CTD-2218G20.2"
"181","RP4-737E23.5","false","RP4-737E23.5"
"54","SERPINA11","false","SERPINA11"
"180","CRABP1","false","CRABP1"
"180","RP11-5O23.2","false","RP11-5O23.2"
"48","RP11-983G14.1","false","RP11-983G14.1"
"179","DLGAP1","false","DLGAP1"
"179","RP11-874J12.4","false","RP11-874J12.4"
"179","GAPDHP66","false","GAPDHP66"
"179","DLGAP1-AS5","false","DLGAP1-AS5"
"48","MAGEA4","false","MAGEA4"
"26","LINC01158","false","LINC01158"
"57","MCHR2","false","MCHR2"
"57","CTD-2147F2.2","false","CTD-2147F2.2"
"57","HS3ST5","false","HS3ST5"
"57","ASNSP1","false","ASNSP1"
"129","RP11-280K24.4","false","RP11-280K24.4"
"54","HPR","false","HPR"
"178","HLA-DQA2","false","HLA-DQA2"
"178","HLA-DQB2","false","HLA-DQB2"
"48","OR11J5P","false","OR11J5P"
"177","RP11-594N15.2","false","RP11-594N15.2"
"177","RP11-594N15.3","false","RP11-594N15.3"
"176","PRRX1","false","PRRX1"
"176","MFAP5","false","MFAP5"
"176","RP1-79C4.4","false","RP1-79C4.4"
"176","SFRP2","false","SFRP2"
"26","PDE1C","false","PDE1C"
"175","ZNF209P","false","ZNF209P"
"175","ZNF98","false","ZNF98"
"174","RP11-54O7.3","false","RP11-54O7.3"
"174","SAMD11","false","SAMD11"
"173","C6orf183","false","C6orf183"
"173","PTCHD3P3","false","PTCHD3P3"
"172","ISL1","false","ISL1"
"129","TDGF1P3","false","TDGF1P3"
"171","CTB-26E19.1","false","CTB-26E19.1"
"171","COL23A1","false","COL23A1"
"170","RP11-284F21.9","false","RP11-284F21.9"
"170","RP11-284F21.7","false","RP11-284F21.7"
"170","RP11-284F21.10","false","RP11-284F21.10"
"169","LRRC14B","false","LRRC14B"
"169","CTD-2083E4.7","false","CTD-2083E4.7"
"26","LGI1","false","LGI1"
"54","AKR1C4","false","AKR1C4"
"168","PAX8-AS1","false","PAX8-AS1"
"168","RP11-65I12.1","false","RP11-65I12.1"
"167","RGS6","false","RGS6"
"166","CPEB1-AS1","false","CPEB1-AS1"
"166","CABP1","false","CABP1"
"54","GMNC","false","GMNC"
"165","AC003973.3","false","AC003973.3"
"164","RP11-509A17.3","false","RP11-509A17.3"
"164","RP11-603B24.1","false","RP11-603B24.1"
"26","RP11-10O22.1","false","RP11-10O22.1"
"163","CTA-125H2.2","false","CTA-125H2.2"
"162","RP11-758N13.1","false","RP11-758N13.1"
"162","GREM1","false","GREM1"
"161","CTC-327F10.4","false","CTC-327F10.4"
"161","C5orf46","false","C5orf46"
"160","PDX1","false","PDX1"
"8","RNY3","false","RNY3"
"76","KLF2P4","false","KLF2P4"
"76","FAR2P4","false","FAR2P4"
"76","KLF2P1","false","KLF2P1"
"159","PRDM13","false","PRDM13"
"159","KCNG1","false","KCNG1"
"158","FAM179A","false","FAM179A"
"42","TRPV6","false","TRPV6"
"54","C4BPB","false","C4BPB"
"129","AC053503.12","false","AC053503.12"
"157","PWRN1","false","PWRN1"
"157","TUFMP1","false","TUFMP1"
"156","EDDM3B","false","EDDM3B"
"155","LHX1","false","LHX1"
"154","KLK11","false","KLK11"
"154","KLK10","false","KLK10"
"154","KLK13","false","KLK13"
"153","RP11-349F21.2","false","RP11-349F21.2"
"153","SLC7A2","false","SLC7A2"
"153","RP11-349F21.3","false","RP11-349F21.3"
"153","RP11-349F21.5","false","RP11-349F21.5"
"8","SNORD16","false","SNORD16"
"152","CTAG1B","false","CTAG1B"
"152","CTAG1A","false","CTAG1A"
"129","NLRP13","false","NLRP13"
"54","CUX2","false","CUX2"
"54","CYP8B1","false","CYP8B1"
"151","NPY6R","false","NPY6R"
"151","MTND4P16","false","MTND4P16"
"151","MYOT","false","MYOT"
"54","PAQR9-AS1","false","PAQR9-AS1"
"150","CLEC4F","false","CLEC4F"
"150","CD207","false","CD207"
"149","AC026904.1","false","AC026904.1"
"149","RP11-513O13.1","false","RP11-513O13.1"
"148","MNX1","false","MNX1"
"148","MNX1-AS1","false","MNX1-AS1"
"147","ABCC11","false","ABCC11"
"147","ABCC12","false","ABCC12"
"54","GCKR","false","GCKR"
"48","RP3-407E4.4","false","RP3-407E4.4"
"48","LGSN","false","LGSN"
"146","RP11-284J1.1","false","RP11-284J1.1"
"146","RP11-532F6.5","false","RP11-532F6.5"
"145","PADI1","false","PADI1"
"145","RP11-380J14.1","false","RP11-380J14.1"
"126","OR7A5","false","OR7A5"
"126","OR7C1","false","OR7C1"
"126","FLJ31662","false","FLJ31662"
"144","HOXA7","false","HOXA7"
"143","CTD-2554C21.2","false","CTD-2554C21.2"
"143","CTD-2554C21.3","false","CTD-2554C21.3"
"143","AC016582.2","false","AC016582.2"
"142","ANKRD18A","false","ANKRD18A"
"142","SNX18P3","false","SNX18P3"
"142","FAM201A","false","FAM201A"
"142","FAM95C","false","FAM95C"
"141","HCN1","false","HCN1"
"140","DIO3OS","false","DIO3OS"
"140","DIO3","false","DIO3"
"139","AC144450.1","false","AC144450.1"
"139","AC144450.2","false","AC144450.2"
"139","TPO","false","TPO"
"138","FRRS1L","false","FRRS1L"
"138","PCYT1B","false","PCYT1B"
"138","SERTM1","false","SERTM1"
"137","FSIP1","false","FSIP1"
"137","RP11-624L4.2","false","RP11-624L4.2"
"42","SERPINB5","false","SERPINB5"
"136","AC010127.3","false","AC010127.3"
"136","SCN1A","false","SCN1A"
"135","EMX2","false","EMX2"
"135","EMX2OS","false","EMX2OS"
"134","AF121898.3","false","AF121898.3"
"133","SPRR2D","false","SPRR2D"
"133","SPRR2E","false","SPRR2E"
"132","CTD-3006G17.2","false","CTD-3006G17.2"
"132","LINC00645","false","LINC00645"
"131","GNAS-AS1","false","GNAS-AS1"
"131","RP4-806M20.3","false","RP4-806M20.3"
"26","KCNH5","false","KCNH5"
"130","LETM1P2","false","LETM1P2"
"130","ZSCAN1","false","ZSCAN1"
"42","SLC6A2","false","SLC6A2"
"129","AP004782.1","false","AP004782.1"
"128","VN1R53P","false","VN1R53P"
"128","TACC1P1","false","TACC1P1"
"127","TRPM6","false","TRPM6"
"127","CRYAB","false","CRYAB"
"127","SLC39A12","false","SLC39A12"
"126","RP11-286B14.1","false","RP11-286B14.1"
"125","FAM9C","false","FAM9C"
"57","EIF3S5P1","false","EIF3S5P1"
"124","CNR2","false","CNR2"
"120","KRT9","false","KRT9"
"123","CTB-105N12.2","false","CTB-105N12.2"
"123","TENM2","false","TENM2"
"122","CYP21A2","false","CYP21A2"
"121","RP11-3J1.1","false","RP11-3J1.1"
"121","RP11-608O21.1","false","RP11-608O21.1"
"120","DLX5","false","DLX5"
"54","UGT1A7","false","UGT1A7"
"54","UGT1A5","false","UGT1A5"
"54","RPL7AP34","false","RPL7AP34"
"119","C4orf22","false","C4orf22"
"118","POTEKP","false","POTEKP"
"118","LINC01087","false","LINC01087"
"118","GRAMD4P8","false","GRAMD4P8"
"117","MMP2","false","MMP2"
"117","COL1A1","false","COL1A1"
"117","LUM","false","LUM"
"116","RP11-398E10.1","false","RP11-398E10.1"
"116","FSCB","false","FSCB"
"54","RP11-813N20.1","false","RP11-813N20.1"
"26","PRLHR","false","PRLHR"
"115","CDR1","false","CDR1"
"115","LINC00632","false","LINC00632"
"115","CDR1-AS","false","CDR1-AS"
"114","ACKR2","false","ACKR2"
"114","RP11-141M3.6","false","RP11-141M3.6"
"114","HNRNPA1P22","false","HNRNPA1P22"
"113","BMPR1B-AS1","false","BMPR1B-AS1"
"113","BMPR1B","false","BMPR1B"
"112","AC098617.1","false","AC098617.1"
"111","PGA3","false","PGA3"
"111","PGA4","false","PGA4"
"54","AADAC","false","AADAC"
"110","MAGED4","false","MAGED4"
"110","MAGED4B","false","MAGED4B"
"109","SIX3","false","SIX3"
"109","RP11-89K21.1","false","RP11-89K21.1"
"108","SLCO6A1","false","SLCO6A1"
"108","LINC00491","false","LINC00491"
"107","CHRM3-AS2","false","CHRM3-AS2"
"107","CHRM3","false","CHRM3"
"106","AC092535.3","false","AC092535.3"
"106","RP11-20I20.1","false","RP11-20I20.1"
"106","RNF212","false","RNF212"
"105","RP11-13K12.1","false","RP11-13K12.1"
"105","RP11-13K12.5","false","RP11-13K12.5"
"104","HIST3H2BB","false","HIST3H2BB"
"104","HIST3H2A","false","HIST3H2A"
"103","CH507-513H4.6","false","CH507-513H4.6"
"103","CH507-513H4.4","false","CH507-513H4.4"
"103","CH507-513H4.3","false","CH507-513H4.3"
"103","CH507-513H4.5","false","CH507-513H4.5"
"102","FOXL2NB","false","FOXL2NB"
"102","LINC01391","false","LINC01391"
"8","RNY3P1","false","RNY3P1"
"101","MESP2","false","MESP2"
"101","MESP1","false","MESP1"
"100","SNORD95","false","SNORD95"
"100","SNORD33","false","SNORD33"
"99","DPP10-AS1","false","DPP10-AS1"
"99","DPP10","false","DPP10"
"98","PWAR6","false","PWAR6"
"98","PWAR1","false","PWAR1"
"97","LRRN4CL","false","LRRN4CL"
"97","ANK2","false","ANK2"
"96","CYP11B1","false","CYP11B1"
"95","RP11-536O18.1","false","RP11-536O18.1"
"95","LINC01235","false","LINC01235"
"94","RP11-53O19.2","false","RP11-53O19.2"
"94","RP11-53O19.1","false","RP11-53O19.1"
"93","OBP2A","false","OBP2A"
"93","OBP2B","false","OBP2B"
"26","TCEAL2","false","TCEAL2"
"26","RORB","false","RORB"
"26","CADM3","false","CADM3"
"92","RP11-672L10.2","false","RP11-672L10.2"
"92","ADCYAP1","false","ADCYAP1"
"91","SPOCK3","false","SPOCK3"
"91","PHYHIPL","false","PHYHIPL"
"90","NBPF6","false","NBPF6"
"89","TRHDE","false","TRHDE"
"89","TRHDE-AS1","false","TRHDE-AS1"
"88","CKMT1B","false","CKMT1B"
"88","CKMT1A","false","CKMT1A"
"87","VSTM2A","false","VSTM2A"
"87","VSTM2A-OT1","false","VSTM2A-OT1"
"26","SYT16","false","SYT16"
"26","NKAIN4","false","NKAIN4"
"86","AC004019.10","false","AC004019.10"
"86","CECR2","false","CECR2"
"85","MIR31HG","false","MIR31HG"
"85","IFNE","false","IFNE"
"84","GRIN2A","false","GRIN2A"
"84","IMPDH1P11","false","IMPDH1P11"
"83","CEACAM5","false","CEACAM5"
"83","CEACAM6","false","CEACAM6"
"82","MARCO","false","MARCO"
"82","RP11-77A13.1","false","RP11-77A13.1"
"81","HMGB4","false","HMGB4"
"81","CSMD2","false","CSMD2"
"80","MAPT-AS1","false","MAPT-AS1"
"80","MAPT-IT1","false","MAPT-IT1"
"79","KB-1183D5.13","false","KB-1183D5.13"
"78","SETP21","false","SETP21"
"78","PART1","false","PART1"
"77","SLC35F3","false","SLC35F3"
"77","RP4-799P18.2","false","RP4-799P18.2"
"76","FAR2P2","false","FAR2P2"
"75","RP11-279F6.1","false","RP11-279F6.1"
"74","SCGB1D2","false","SCGB1D2"
"74","SCGB2A2","false","SCGB2A2"
"73","RP11-532E4.2","false","RP11-532E4.2"
"73","MUC5B","false","MUC5B"
"72","IGLV9-49","false","IGLV9-49"
"71","NKX2-1","false","NKX2-1"
"70","TLX1","false","TLX1"
"70","TLX1NB","false","TLX1NB"
"69","RASGRF1","false","RASGRF1"
"69","RP11-16K12.1","false","RP11-16K12.1"
"68","LINC01561","false","LINC01561"
"68","PPAPDC1A","false","PPAPDC1A"
"67","DEFA1B","false","DEFA1B"
"67","DEFA1","false","DEFA1"
"66","SNTG2","false","SNTG2"
"66","AC116614.1","false","AC116614.1"
"65","SPRR2A","false","SPRR2A"
"64","IL5RA","false","IL5RA"
"64","FAM92B","false","FAM92B"
"63","CYCSP6","false","CYCSP6"
"63","RP11-601H16.1","false","RP11-601H16.1"
"42","ULBP3","false","ULBP3"
"62","RP11-483C6.1","false","RP11-483C6.1"
"62","NOVA1","false","NOVA1"
"61","RP11-384O8.1","false","RP11-384O8.1"
"61","AC010980.2","false","AC010980.2"
"60","SLCO5A1","false","SLCO5A1"
"60","RP11-159H10.3","false","RP11-159H10.3"
"26","GRM7","false","GRM7"
"26","BAI3","false","BAI3"
"59","NHLH2","false","NHLH2"
"59","ANKRD18B","false","ANKRD18B"
"58","ERC2","false","ERC2"
"58","ERC2-IT1","false","ERC2-IT1"
"57","CTD-2147F2.1","false","CTD-2147F2.1"
"56","FAM153A","false","FAM153A"
"56","FAM153B","false","FAM153B"
"55","CCL8","false","CCL8"
"55","CCL7","false","CCL7"
"54","KLKB1","false","KLKB1"
"53","RP11-312A15.2","false","RP11-312A15.2"
"53","RP11-312A15.3","false","RP11-312A15.3"
"52","NXF2","false","NXF2"
"51","RP11-268G12.1","false","RP11-268G12.1"
"51","RP11-268G12.3","false","RP11-268G12.3"
"50","RP11-396J6.1","false","RP11-396J6.1"
"50","RP11-343B22.2","false","RP11-343B22.2"
"49","IGF2BP2-AS1","false","IGF2BP2-AS1"
"49","IGF2BP2","false","IGF2BP2"
"48","LINC00668","false","LINC00668"
"48","DMRT1","false","DMRT1"
"47","TCEB3CL2","false","TCEB3CL2"
"47","TCEB3CL","false","TCEB3CL"
"46","ANGPTL4","false","ANGPTL4"
"46","ADM","false","ADM"
"45","C8orf34","false","C8orf34"
"45","RP11-664D7.4","false","RP11-664D7.4"
"44","HOXB5","false","HOXB5"
"44","HOXB-AS3","false","HOXB-AS3"
"43","CXCL11","false","CXCL11"
"42","S100A4","false","S100A4"
"41","STK33","false","STK33"
"41","TMEM35","false","TMEM35"
"40","HTR1E","false","HTR1E"
"39","PRAP1","false","PRAP1"
"39","TFR2","false","TFR2"
"38","KCNA2","false","KCNA2"
"38","MAL","false","MAL"
"37","AGR3","false","AGR3"
"36","RBFOX3","false","RBFOX3"
"36","TMEM151B","false","TMEM151B"
"35","RP5-842K16.1","false","RP5-842K16.1"
"35","TMEM178B","false","TMEM178B"
"34","RP11-161H23.9","false","RP11-161H23.9"
"34","PRPH","false","PRPH"
"33","RP11-120J1.1","false","RP11-120J1.1"
"33","LINC01354","false","LINC01354"
"32","ESR1","false","ESR1"
"32","RP3-443C4.2","false","RP3-443C4.2"
"31","MEOX2","false","MEOX2"
"31","AC005550.3","false","AC005550.3"
"30","RP11-259G18.3","false","RP11-259G18.3"
"30","RP11-259G18.2","false","RP11-259G18.2"
"29","CTA-363E6.3","false","CTA-363E6.3"
"29","CTA-363E6.2","false","CTA-363E6.2"
"28","KLF17","false","KLF17"
"28","RP5-1198O20.4","false","RP5-1198O20.4"
"27","TNNI2","false","TNNI2"
"27","SYT8","false","SYT8"
"26","NYAP2","false","NYAP2"
"25","IGKV2-40","false","IGKV2-40"
"25","IGKV2D-40","false","IGKV2D-40"
"8","RNU5B-1","false","RNU5B-1"
"24","RP11-616M22.2","false","RP11-616M22.2"
"24","CACNA1H","false","CACNA1H"
"23","CALML3","false","CALML3"
"23","CALML3-AS1","false","CALML3-AS1"
"22","RP11-758M4.4","false","RP11-758M4.4"
"22","FLJ39080","false","FLJ39080"
"21","MIR4500HG","false","MIR4500HG"
"21","SLITRK5","false","SLITRK5"
"20","HNRNPA1P33","false","HNRNPA1P33"
"20","CH17-360D5.3","false","CH17-360D5.3"
"19","WT1-AS","false","WT1-AS"
"19","WT1","false","WT1"
"18","AC133785.1","false","AC133785.1"
"18","ARHGEF4","false","ARHGEF4"
"17","GNG4","false","GNG4"
"17","RP11-365D9.1","false","RP11-365D9.1"
"16","CYP4F11","false","CYP4F11"
"16","AC005336.4","false","AC005336.4"
"15","RP11-132F7.2","false","RP11-132F7.2"
"15","TOX3","false","TOX3"
"14","CTD-2620I22.3","false","CTD-2620I22.3"
"14","ERVV-1","false","ERVV-1"
"13","RP11-375N15.1","false","RP11-375N15.1"
"13","RP11-115J16.1","false","RP11-115J16.1"
"12","AC002075.3","false","AC002075.3"
"12","GNGT1","false","GNGT1"
"11","CTD-3118D7.1","false","CTD-3118D7.1"
"11","FAM189A1","false","FAM189A1"
"10","C5orf64","false","C5orf64"
"10","RP11-2O17.2","false","RP11-2O17.2"
"9","APCDD1L-AS1","false","APCDD1L-AS1"
"9","APCDD1L","false","APCDD1L"
"8","SNORD97","false","SNORD97"
"7","AKR1C1","false","AKR1C1"
"7","AKR1C2","false","AKR1C2"
"6","JAKMIP1","false","JAKMIP1"
"6","C4orf50","false","C4orf50"
"5","OR13K1P","false","OR13K1P"
"5","OR13H1","false","OR13H1"
"4","RP11-502F1.1","false","RP11-502F1.1"
"4","ZNF804B","false","ZNF804B"
"4","C7orf62","false","C7orf62"
"3","LGR6","false","LGR6"
"3","CT83","false","CT83"
"2","CT45A5","false","CT45A5"
"2","CT45A3","false","CT45A3"
"1","RP11-707O23.5","false","RP11-707O23.5"
"1","RP11-707O23.1","false","RP11-707O23.1"
